# .PCD v0.7
VERSION 0.7
FIELDS x y z
SIZE 4 4 4
TYPE F F F
COUNT 1 1 1
WIDTH 8000
HEIGHT 1
VIEWPOINT 0 0 0 1 0 0 0
POINTS 8000
DATA ascii
3.426 -10.822 -0.001
9.472 -12.457 -0.013
32.051 -6.364 0.015
23.286 -5.758 0.015
3.765 -7.140 -0.032
17.325 -5.030 0.009
19.162 12.314 -0.007
6.390 10.761 0.008
29.383 -7.144 0.020
4.547 -14.222 0.013
15.649 10.039 0.027
20.670 -10.785 0.020
17.225 14.259 0.024
23.472 11.049 -0.005
29.514 -5.807 -0.051
38.251 -2.039 -0.067
11.368 0.130 -0.007
25.942 11.094 -0.009
27.849 -14.077 -0.048
11.709 -2.472 -0.044
0.060 -11.687 -0.068
38.938 8.216 0.033
11.936 -13.412 -0.072
12.559 6.666 -0.066
35.668 8.673 0.014
23.407 -7.677 0.023
18.852 9.503 -0.020
30.931 -5.889 0.012
1.214 -3.859 0.015
28.279 -5.348 -0.019
14.970 7.532 0.077
3.634 9.999 0.015
26.420 2.228 0.012
37.259 1.021 0.001
8.288 14.457 0.014
25.204 -5.658 -0.028
11.927 8.925 -0.002
29.670 -8.014 0.005
28.887 -0.790 0.010
8.749 -3.378 -0.010
33.195 -9.712 0.007
26.306 -10.823 -0.015
27.312 4.590 0.042
32.803 6.858 -0.034
17.143 -14.557 -0.042
30.348 -0.483 -0.001
35.139 3.318 0.021
4.093 -0.010 -0.016
33.991 -3.758 0.002
15.757 -11.382 -0.000
19.187 -9.371 0.009
5.853 -13.437 0.044
27.937 -11.326 -0.032
11.679 11.119 -0.022
34.846 -11.414 -0.001
11.015 -7.779 -0.010
22.472 -4.024 0.009
15.986 -5.814 0.049
24.516 -9.348 0.019
7.866 -13.879 -0.013
7.212 -7.993 0.023
29.874 0.689 0.019
30.089 -14.457 0.061
22.679 -5.456 -0.028
36.843 -0.879 0.011
8.231 1.616 0.032
34.036 -8.201 0.026
6.759 -8.345 0.008
38.574 -11.635 -0.019
24.948 0.614 -0.026
24.275 -0.821 -0.029
38.822 11.769 0.007
31.481 6.324 0.015
31.597 10.337 -0.008
2.164 -12.567 -0.018
14.771 -4.309 0.006
3.396 -9.623 -0.045
7.741 -1.081 0.073
8.555 -10.554 -0.022
34.346 5.126 0.009
5.070 14.419 0.001
11.870 -7.837 0.001
19.714 13.496 0.011
33.978 3.747 -0.030
38.609 -12.811 0.059
28.326 0.609 0.010
8.547 5.445 -0.044
21.799 -13.389 0.045
28.238 -7.945 0.023
2.075 10.252 0.000
27.195 12.989 0.009
14.731 1.786 -0.022
23.588 0.807 0.065
26.781 12.180 0.008
26.765 4.641 -0.013
20.922 5.372 -0.044
22.189 14.792 -0.027
7.926 -9.462 -0.053
19.807 -2.157 -0.003
5.016 -5.938 -0.014
19.230 11.400 -0.026
21.450 -13.810 -0.007
30.964 3.752 0.010
15.747 9.427 -0.000
0.784 -10.559 -0.017
21.110 -6.862 0.018
8.209 -6.277 -0.005
29.650 1.087 0.007
15.548 -13.100 -0.005
15.219 -1.256 -0.013
36.378 2.525 0.056
15.719 -14.624 -0.026
13.954 7.736 -0.055
13.921 -13.296 -0.046
19.231 -14.171 -0.033
3.732 2.761 0.057
21.870 10.801 0.090
36.857 -7.704 -0.059
22.517 5.750 0.029
29.756 -12.725 -0.001
37.886 -1.286 0.060
33.685 10.899 0.014
29.760 6.794 -0.015
32.527 10.821 0.030
32.806 -0.602 0.007
10.150 14.159 0.006
19.279 10.205 -0.051
13.709 -6.568 0.011
10.469 9.803 0.008
22.862 4.415 0.004
12.715 13.926 -0.005
24.746 3.818 0.015
23.297 -5.576 -0.003
4.176 2.431 -0.037
17.697 7.674 0.012
15.594 8.696 -0.042
28.266 3.636 0.009
3.525 -2.796 0.007
6.758 2.764 0.056
20.504 -8.908 0.030
16.184 14.176 0.037
26.614 -0.273 0.032
13.314 -4.471 -0.010
7.889 12.359 0.026
37.274 9.123 0.029
9.756 -6.572 -0.032
5.883 5.019 -0.013
11.196 2.203 0.048
13.589 4.624 0.052
9.005 -9.724 0.058
21.453 3.938 0.042
37.477 4.137 -0.059
5.041 -6.564 -0.022
16.607 13.474 -0.050
26.726 13.919 -0.043
35.389 12.074 0.020
39.992 11.608 -0.015
5.745 5.263 -0.022
21.492 10.904 -0.025
35.248 -5.251 -0.022
2.121 -2.235 -0.034
23.532 8.945 -0.039
6.956 5.614 0.029
30.713 -0.439 -0.002
37.505 -13.897 -0.052
21.532 -0.722 -0.017
0.359 -7.983 -0.001
2.570 6.476 -0.025
16.628 6.516 0.015
33.892 2.451 -0.017
9.471 10.128 0.010
26.766 3.013 0.018
16.212 -1.373 0.003
10.606 -10.766 -0.010
28.156 -9.964 0.017
12.330 -11.205 0.029
14.875 -3.521 0.043
30.612 7.159 0.014
19.808 -3.928 -0.044
31.357 10.251 0.044
20.652 0.344 -0.046
6.399 10.442 -0.032
17.748 10.913 0.066
34.911 -8.629 0.011
22.597 9.710 0.064
38.593 14.715 0.003
0.046 5.198 -0.002
13.615 -10.052 -0.067
30.762 11.601 -0.001
27.446 0.769 0.020
22.439 -4.320 0.011
26.550 5.988 0.076
35.057 -6.813 0.027
27.342 -0.929 0.018
21.889 -5.303 0.035
22.499 0.270 0.017
26.655 11.399 0.021
12.956 1.037 -0.019
26.777 -8.543 -0.053
24.600 13.565 -0.005
31.436 -3.411 -0.010
19.209 3.896 0.009
1.080 14.534 0.025
21.477 1.007 0.000
34.308 -6.859 -0.038
25.601 5.200 0.008
25.739 13.264 0.028
15.638 5.066 -0.032
14.263 13.870 0.027
28.756 -1.289 -0.020
3.111 -13.566 -0.014
34.658 -14.962 0.043
35.052 -9.135 -0.002
38.498 6.456 0.028
5.427 -14.899 0.025
4.615 -11.133 0.010
35.761 -0.323 0.058
16.045 -4.755 0.023
10.814 7.947 0.035
15.289 -2.262 0.017
26.380 -9.930 -0.050
6.460 14.396 -0.056
19.487 -7.452 -0.008
26.402 13.197 0.008
28.831 6.528 0.054
0.491 12.325 0.033
32.436 14.793 -0.010
17.367 10.328 0.004
17.432 5.979 0.010
22.494 -12.235 0.017
11.205 -14.765 0.015
35.469 2.081 -0.021
8.485 13.223 0.021
21.709 13.626 0.018
6.722 2.328 -0.006
24.645 -7.971 0.053
36.076 6.659 0.030
35.305 13.213 0.043
5.387 13.990 0.001
24.995 -14.698 -0.064
35.702 -7.708 0.026
8.011 -3.866 -0.028
16.590 -4.516 -0.033
28.526 -9.619 -0.036
29.524 3.028 -0.045
18.047 1.899 -0.004
25.545 6.406 -0.038
26.757 -6.408 -0.053
14.125 -8.964 -0.045
26.083 9.281 -0.023
23.097 -5.544 -0.049
27.895 -8.482 -0.030
20.466 6.476 0.012
13.457 -8.905 -0.027
17.376 -8.022 -0.015
36.898 -1.375 0.000
7.502 -11.564 -0.075
5.932 -6.330 0.027
0.486 12.859 0.038
34.086 -4.345 -0.065
39.546 -13.126 -0.011
9.459 8.918 0.010
10.644 -2.955 -0.012
7.935 14.303 0.013
24.008 6.031 -0.011
19.404 -5.016 -0.010
32.823 11.731 0.016
8.388 -12.199 -0.001
35.117 10.749 0.015
18.558 -1.291 -0.022
32.315 2.087 -0.015
32.083 12.740 -0.015
36.430 12.798 0.003
19.953 -14.378 0.024
24.384 -1.617 -0.016
22.441 12.700 -0.019
7.612 -2.264 -0.032
20.061 -12.190 0.021
37.065 12.271 -0.011
36.356 -7.212 -0.029
0.860 6.353 0.004
26.534 3.240 -0.006
13.071 3.667 0.021
5.438 14.349 0.003
5.578 3.858 0.007
31.798 0.793 -0.022
38.367 -14.033 -0.026
20.810 -3.722 0.041
15.341 6.911 -0.006
20.395 5.587 -0.038
33.172 -1.489 0.023
29.870 -7.577 0.015
2.565 -6.129 0.007
8.501 -12.874 -0.014
34.708 -12.777 0.008
19.723 7.041 0.011
26.309 3.416 -0.052
31.101 8.159 0.012
25.464 6.621 -0.036
29.356 9.606 0.059
21.826 -0.390 0.030
9.173 -8.490 -0.019
7.484 -9.575 -0.011
39.742 -5.601 -0.005
0.420 8.475 -0.018
27.636 10.079 -0.012
35.226 -4.533 -0.034
9.256 2.497 0.051
1.942 -10.906 0.013
15.970 14.630 -0.005
13.198 -14.746 0.036
18.464 4.234 -0.012
17.097 1.350 0.096
37.681 -5.858 -0.024
4.773 9.966 0.054
37.761 -14.613 -0.035
1.830 1.047 -0.020
37.530 5.071 -0.011
13.320 7.198 0.046
29.083 3.194 -0.012
0.124 6.048 0.016
17.891 9.354 -0.073
27.111 2.740 -0.050
25.133 0.133 0.002
32.255 -10.750 -0.015
6.137 -3.472 0.032
16.048 9.613 -0.001
24.548 -0.891 0.027
1.149 -2.847 -0.003
33.426 -5.693 -0.035
16.650 -2.098 0.039
9.843 4.242 -0.042
8.898 5.152 -0.049
26.037 -7.213 0.009
1.914 8.940 -0.022
9.778 -14.646 -0.019
12.157 -5.406 -0.022
10.340 -11.888 0.026
29.224 5.133 -0.043
23.698 0.327 -0.051
36.159 10.640 -0.013
28.039 11.888 -0.050
11.778 10.729 -0.001
12.969 6.444 0.012
4.930 14.392 0.041
9.702 -5.496 -0.019
24.185 2.725 -0.042
29.240 -12.812 -0.021
11.836 9.743 0.037
13.769 -8.869 0.011
32.116 7.038 0.063
38.339 7.977 -0.013
3.389 1.813 0.001
2.851 3.033 0.054
30.368 13.593 -0.016
19.827 -0.311 -0.016
17.000 -5.604 0.009
25.343 2.211 0.014
30.416 8.880 0.014
2.794 5.982 -0.001
38.472 -14.735 0.013
38.323 2.518 0.007
16.666 -9.491 -0.020
18.783 -1.064 0.023
10.892 13.815 0.035
23.499 11.636 0.044
8.206 -6.184 -0.021
21.384 -6.085 -0.026
36.173 -1.126 -0.032
20.247 -2.760 -0.022
33.084 0.767 -0.050
7.168 5.754 -0.005
35.341 14.371 0.067
4.928 -5.008 -0.007
8.514 -14.748 0.006
28.810 -4.605 -0.023
12.080 -1.705 -0.001
4.757 0.240 -0.006
3.472 -10.781 0.011
31.732 -13.669 0.006
0.791 -0.633 -0.032
2.254 7.282 0.034
37.821 8.094 0.050
31.286 -14.204 -0.015
14.817 2.997 -0.005
7.695 -0.135 -0.008
34.687 -4.685 0.017
31.506 3.532 0.049
26.741 -10.038 -0.014
21.215 13.276 -0.022
21.011 1.389 0.083
39.118 -12.509 0.029
20.892 -12.846 0.034
3.361 -6.165 -0.020
2.992 -8.221 0.027
23.822 3.279 0.038
29.307 2.382 -0.001
25.130 1.404 -0.033
29.713 8.559 0.081
11.768 -11.802 0.016
14.845 12.752 -0.024
10.614 -2.159 -0.013
14.904 -13.400 0.009
10.665 -12.289 -0.024
33.366 9.326 -0.024
5.913 -6.041 -0.017
8.316 -1.181 0.018
28.563 -11.656 0.024
15.917 6.598 0.011
13.651 -12.152 -0.013
38.978 11.759 0.028
35.752 -11.699 0.011
8.758 9.955 -0.035
6.214 -2.110 0.012
19.695 -3.160 0.006
22.965 -12.078 -0.023
13.869 -4.370 -0.011
23.657 12.526 -0.041
27.127 -13.471 -0.022
32.585 -11.861 -0.013
9.687 13.535 0.002
25.804 9.274 0.017
2.324 12.724 0.016
2.592 12.210 -0.001
2.214 14.284 -0.015
4.655 -4.182 -0.029
31.270 9.706 0.001
14.835 -4.952 0.028
19.713 3.436 0.022
18.036 -14.709 -0.056
8.283 -6.244 0.009
1.831 -5.314 -0.007
7.273 -4.910 0.015
34.332 -10.679 0.012
13.545 -14.574 0.042
16.821 -8.180 0.045
10.576 -14.400 0.025
29.648 -8.978 0.009
28.095 4.130 -0.034
15.353 2.137 0.042
20.255 5.323 0.006
15.833 5.070 0.030
22.933 -13.326 -0.009
23.744 1.018 0.024
23.098 -3.174 0.048
36.063 -3.484 0.017
38.010 -4.843 -0.007
2.056 -2.930 0.028
15.190 9.346 0.002
1.614 -8.893 -0.042
14.987 5.102 0.027
32.123 -1.683 -0.031
27.180 3.683 -0.014
22.693 -3.935 0.047
3.452 10.566 0.041
32.455 4.435 -0.004
24.498 -1.041 -0.019
12.105 -14.690 -0.005
31.413 -13.955 0.023
1.562 -8.655 -0.025
7.502 6.845 0.012
31.565 -6.640 -0.063
1.836 7.035 0.021
5.286 -5.236 -0.044
20.065 3.429 -0.037
28.405 -10.202 0.014
23.570 -10.413 0.011
1.478 14.250 -0.014
10.992 5.142 -0.027
28.248 -10.233 0.041
13.936 -5.929 -0.056
7.769 -11.485 -0.005
0.091 -8.907 -0.011
10.508 8.205 0.000
37.231 -6.788 -0.022
1.982 11.653 -0.007
22.126 -14.847 -0.009
36.387 4.050 -0.030
28.024 -7.529 -0.006
11.239 11.651 -0.001
25.943 -4.585 -0.002
4.776 -5.653 0.024
19.956 -3.888 -0.023
10.529 -12.136 0.020
35.027 12.201 -0.002
34.639 12.718 -0.011
30.473 6.236 0.048
15.023 0.591 0.021
31.877 -2.941 -0.035
39.195 -0.144 0.008
14.778 14.419 0.016
21.008 0.369 0.051
6.497 6.833 -0.005
4.333 -2.452 -0.009
28.806 10.716 -0.005
2.411 0.402 0.032
24.054 -1.382 -0.034
4.545 -7.254 -0.035
26.761 -4.823 -0.039
30.138 -9.766 -0.013
37.636 -0.481 0.013
15.596 13.957 -0.021
15.579 8.872 0.051
15.986 5.214 0.019
28.232 5.381 -0.019
31.509 -1.820 -0.022
4.629 -7.652 -0.019
12.991 -10.129 -0.001
2.210 9.273 -0.061
9.396 10.264 0.018
29.350 3.560 0.028
37.472 -2.947 -0.055
39.213 -9.966 -0.057
2.726 -14.375 -0.021
16.076 -13.412 -0.015
34.898 4.042 -0.019
20.191 -3.453 -0.050
13.980 -4.563 -0.020
31.295 6.243 -0.042
34.573 10.891 -0.034
5.837 3.100 0.004
20.687 7.555 -0.057
5.889 4.201 0.005
7.208 -0.173 -0.048
21.226 -2.278 -0.048
10.111 -9.075 -0.041
32.202 13.662 -0.019
14.616 9.199 0.023
7.251 1.147 0.001
25.170 7.198 0.028
10.481 -5.429 0.063
2.656 2.559 -0.027
39.964 6.017 -0.022
7.370 -10.121 -0.004
5.252 6.888 -0.060
19.223 -11.005 0.028
0.158 -4.864 -0.013
31.573 0.606 0.007
3.007 -3.309 -0.014
1.582 -8.423 0.005
38.642 1.995 -0.058
20.670 -14.652 0.044
37.150 -9.599 -0.020
35.884 -13.778 -0.022
29.360 -12.839 0.042
1.186 0.269 0.005
25.751 -0.536 0.020
2.602 4.615 -0.004
0.427 -5.169 0.062
33.776 -8.581 -0.005
12.272 14.135 -0.032
29.886 -8.995 0.004
21.193 9.701 -0.028
31.365 -3.736 0.003
25.591 -14.938 -0.002
38.911 -1.134 0.021
18.991 4.889 0.017
34.128 10.881 0.015
32.873 -4.065 0.036
23.468 -3.102 0.020
20.254 -4.548 -0.029
17.207 -2.451 -0.005
25.841 -4.283 -0.012
7.834 0.345 0.087
17.568 -5.288 0.039
25.883 -4.538 0.018
12.295 1.333 -0.027
8.669 4.998 0.010
4.254 8.315 0.060
32.181 1.507 0.007
35.029 10.001 -0.016
33.360 5.853 0.030
28.260 3.239 -0.017
24.184 -11.698 0.014
2.317 -12.633 0.002
35.229 -14.741 -0.013
18.941 -5.706 0.055
27.463 -0.365 -0.053
4.843 -8.462 0.030
29.830 2.122 0.010
5.874 -12.656 0.011
38.336 -0.378 -0.003
28.426 -7.734 0.047
21.225 -5.076 0.010
26.132 8.885 -0.110
9.192 -14.358 0.010
19.963 6.807 -0.010
3.444 -6.077 0.013
11.181 12.562 0.015
11.419 -4.444 -0.025
6.605 6.728 -0.016
16.644 -6.090 -0.014
2.529 -0.056 -0.002
1.031 0.630 0.014
13.306 -6.536 0.038
39.657 -2.025 -0.003
29.082 -12.159 -0.019
17.109 12.712 -0.026
7.975 4.494 -0.007
4.862 0.257 0.025
16.660 -2.609 -0.018
26.135 -14.979 0.011
33.045 -1.195 -0.017
18.498 -9.696 -0.018
34.074 0.210 0.002
32.452 5.961 0.008
33.985 -8.712 0.019
13.277 7.560 0.006
18.680 -1.628 -0.025
6.411 -9.354 -0.024
23.382 -6.596 -0.063
1.695 2.485 -0.041
18.781 2.687 -0.027
6.544 8.503 0.032
19.108 2.404 -0.017
7.251 6.699 0.031
0.060 -10.775 -0.023
16.870 3.585 0.014
17.131 -0.033 0.004
21.644 -4.776 0.001
4.986 -1.397 -0.023
19.931 8.693 -0.000
11.987 -4.472 0.036
3.255 -1.755 0.000
16.408 13.663 -0.031
26.674 -0.583 -0.033
12.113 -9.409 -0.003
28.537 3.271 -0.019
31.551 2.128 -0.013
0.561 -8.316 -0.013
8.622 -14.655 0.036
11.346 -11.926 0.008
23.692 5.073 -0.018
19.479 3.799 -0.024
22.723 4.464 -0.009
2.952 0.061 0.062
11.484 5.900 -0.008
6.432 -0.379 -0.073
29.840 -10.818 -0.011
27.339 -13.303 0.012
12.195 4.491 -0.023
35.047 12.669 0.004
5.425 14.173 0.061
0.713 -5.114 0.033
14.934 -7.144 0.029
26.738 -1.619 -0.038
37.847 -6.691 -0.010
20.346 9.301 -0.004
5.459 -7.251 -0.001
23.895 0.951 0.056
0.672 -8.246 0.045
32.722 13.768 -0.006
12.897 -5.580 0.016
4.073 2.121 -0.029
5.972 0.514 0.027
33.145 -9.552 -0.054
36.257 7.952 0.030
7.382 -6.870 -0.033
39.923 -13.456 0.052
34.412 -1.161 0.035
13.175 2.058 -0.009
2.045 -4.597 -0.010
6.049 -8.807 -0.034
17.457 14.205 -0.029
8.221 -7.219 -0.030
7.278 -8.640 -0.026
10.909 12.362 0.017
35.106 3.600 -0.016
1.458 8.625 0.023
36.898 1.085 -0.012
17.970 12.446 0.003
29.520 13.367 0.010
20.477 4.737 0.001
37.816 10.898 -0.034
7.252 -6.833 0.028
10.212 -1.788 -0.036
20.327 0.565 0.014
20.304 0.591 0.010
13.241 -13.678 -0.010
12.213 -12.815 -0.002
3.566 5.778 0.008
20.088 -14.268 0.059
33.224 -4.424 0.006
34.673 14.004 -0.020
16.588 -12.189 0.031
39.183 4.783 0.038
38.679 -2.457 0.004
12.780 -13.078 0.031
4.662 -12.800 0.044
33.430 -5.139 -0.060
37.629 -9.448 0.024
25.966 6.642 -0.013
38.576 9.972 -0.022
19.102 4.913 -0.013
20.952 1.512 -0.002
2.964 -2.538 -0.029
14.799 -12.805 -0.014
36.985 14.198 -0.037
4.131 6.851 0.005
5.499 -9.280 0.008
1.323 -14.065 -0.016
19.829 -14.226 -0.005
24.138 2.885 0.045
21.300 12.043 -0.031
35.160 14.676 0.036
27.224 5.258 0.033
25.478 -10.367 0.014
24.108 4.088 0.032
20.238 1.336 -0.049
2.985 -14.674 0.049
3.894 9.992 -0.026
25.764 -1.946 0.042
8.475 3.115 0.042
16.616 2.409 -0.011
25.894 -1.217 0.026
23.989 -6.352 0.023
9.772 -11.904 0.013
10.692 -8.631 0.007
5.623 7.347 0.018
26.500 2.715 -0.038
28.786 12.729 -0.046
5.277 -6.717 0.041
10.830 -10.557 -0.034
5.948 7.185 -0.030
24.486 14.204 0.017
11.845 3.600 -0.010
34.793 -5.174 -0.008
10.649 7.048 -0.001
25.774 -1.240 0.047
25.441 12.433 0.019
37.674 12.790 0.004
28.917 13.686 0.066
37.320 -5.073 0.015
23.372 5.999 0.006
0.138 -2.515 0.030
13.056 -14.571 -0.008
29.621 2.106 -0.035
13.708 -12.965 -0.022
26.318 -0.016 -0.010
4.703 3.190 0.050
25.865 11.743 0.037
15.406 1.904 -0.063
37.843 -11.509 -0.041
2.853 5.539 -0.001
14.423 -8.015 0.004
30.698 -6.290 0.001
15.689 -11.578 -0.013
18.499 -4.183 0.033
13.375 -12.720 0.008
3.901 -11.478 -0.030
12.805 0.675 0.000
35.066 6.517 0.023
30.692 4.358 0.027
12.390 -3.325 -0.006
26.739 6.661 -0.027
31.760 -6.722 0.060
31.879 10.988 -0.008
2.211 2.993 0.009
6.564 1.449 -0.017
38.250 13.837 0.074
11.196 -6.532 0.049
31.142 13.709 -0.014
25.215 -10.748 0.023
34.888 9.083 -0.007
3.127 -13.828 0.022
37.359 3.929 0.013
35.039 3.141 0.015
9.537 -2.991 0.052
28.437 14.263 -0.031
0.240 14.201 0.010
34.615 10.451 -0.031
16.581 -3.483 0.020
29.620 14.209 -0.030
31.802 -13.860 0.055
1.064 3.590 0.015
35.284 -1.706 -0.060
4.199 2.030 0.001
6.196 3.526 -0.049
18.254 13.828 0.003
10.138 -2.813 -0.007
25.921 -7.566 -0.050
7.623 -3.810 -0.011
24.920 -7.906 0.001
30.465 -8.634 0.025
38.545 9.568 -0.035
15.975 5.028 0.031
11.440 12.000 0.002
23.105 2.187 -0.024
26.053 10.859 0.007
36.921 -4.109 -0.020
23.428 0.136 -0.005
17.539 8.290 0.027
11.905 -2.827 0.032
29.008 6.537 0.022
25.504 8.916 -0.038
2.866 -6.110 -0.016
11.972 12.012 0.006
6.686 4.499 -0.002
19.818 10.616 -0.001
15.244 -1.122 -0.020
6.353 -13.356 -0.046
21.196 4.004 -0.030
26.372 -13.259 -0.080
13.645 0.797 -0.006
33.382 5.123 0.018
4.060 3.068 -0.033
2.298 -10.974 0.028
28.294 -7.746 0.004
22.527 5.515 -0.031
30.072 1.913 0.003
37.390 -9.093 0.011
20.438 8.964 0.002
32.681 -14.488 -0.015
25.916 -0.544 0.002
20.569 -4.685 -0.011
20.131 -2.663 0.017
39.677 5.637 -0.025
13.829 3.929 -0.004
16.986 -8.521 -0.019
18.979 0.058 0.015
25.592 -10.561 0.038
2.439 6.622 -0.034
26.068 -1.751 -0.017
1.534 -11.109 -0.032
15.180 2.406 -0.004
17.694 0.653 0.020
22.639 -8.539 0.045
22.863 -6.084 -0.014
24.142 5.569 0.019
0.981 8.162 0.002
13.141 14.514 0.006
29.524 13.344 -0.026
16.689 -14.630 -0.034
33.052 -1.913 0.003
21.743 -11.088 0.015
22.772 10.519 -0.016
27.062 12.117 0.019
39.316 -10.586 -0.021
0.156 4.452 0.023
4.748 -12.778 0.015
3.550 -14.853 -0.004
8.252 0.396 -0.007
0.831 -5.277 0.022
39.509 8.178 0.023
6.004 -0.572 0.004
18.969 -1.138 -0.019
35.275 13.353 0.040
18.965 -14.741 0.027
9.876 7.058 -0.044
11.684 14.714 -0.016
16.876 8.131 0.015
12.298 -7.388 0.015
18.828 9.967 -0.038
16.527 -2.795 -0.007
3.255 -4.809 -0.006
34.964 9.355 0.061
38.764 13.934 -0.011
22.500 8.774 0.003
3.777 12.111 -0.018
36.354 -7.761 0.022
14.509 9.680 -0.009
15.264 5.093 0.011
10.215 -4.975 -0.061
37.157 -0.996 0.013
27.681 -13.938 0.019
12.036 14.442 0.022
14.777 10.461 -0.051
16.912 12.200 -0.008
15.222 -12.237 0.028
26.894 -14.902 0.002
37.980 12.799 -0.003
1.721 6.678 -0.007
33.917 -3.970 -0.009
33.970 -10.166 -0.004
8.763 -11.724 0.001
39.128 -3.901 0.011
35.044 12.593 -0.021
28.905 13.381 -0.021
4.278 -3.330 0.005
17.892 14.694 0.032
30.292 13.532 0.010
22.161 -1.026 0.051
2.351 8.823 -0.063
30.555 -3.906 -0.004
16.414 -0.282 0.002
8.819 -9.584 -0.029
13.904 12.751 -0.010
4.146 -1.770 0.015
14.446 6.201 0.041
0.621 -0.644 -0.027
39.937 3.091 0.043
5.469 14.522 0.019
13.560 5.128 0.037
12.036 1.792 0.019
18.382 -11.844 -0.004
13.563 12.174 0.073
35.493 -3.925 -0.022
7.487 13.554 0.018
39.884 1.351 -0.022
15.702 -14.877 0.017
39.311 -0.011 -0.012
13.389 2.981 0.028
3.223 11.189 0.070
33.337 7.819 0.026
6.338 -1.214 0.029
29.712 6.557 -0.026
35.218 -5.234 -0.029
8.699 -10.247 -0.048
12.699 7.285 -0.022
22.565 10.436 -0.026
34.763 -4.500 0.021
34.209 -2.517 0.036
19.459 -13.819 -0.017
22.664 6.490 -0.005
32.134 9.823 -0.037
6.202 11.674 -0.008
37.268 -1.254 0.019
34.551 8.248 0.026
9.352 -5.674 -0.021
25.157 -6.793 0.032
29.292 11.701 0.016
25.908 2.895 0.010
2.888 -0.913 0.028
2.473 -14.627 -0.015
8.921 -13.490 -0.028
4.187 -0.111 0.020
19.389 14.396 0.045
29.494 -14.645 0.047
23.043 8.045 -0.106
36.237 14.911 0.007
19.616 -13.104 -0.015
17.971 -5.003 -0.047
5.096 -9.310 -0.001
38.146 12.745 -0.001
26.901 -12.765 0.024
39.215 -10.987 -0.062
37.388 -13.699 -0.037
3.407 13.524 -0.014
24.137 2.690 0.049
19.491 -9.241 0.054
30.172 2.798 0.031
1.786 10.468 0.035
26.369 10.317 -0.010
24.430 10.398 0.005
14.932 -11.964 0.012
5.025 4.189 -0.001
27.435 14.994 -0.023
1.918 0.582 0.029
13.503 -6.951 0.042
1.098 13.859 -0.048
12.292 6.503 -0.001
9.974 9.139 0.066
24.767 9.575 -0.022
27.359 1.829 -0.019
28.319 7.876 -0.021
16.421 6.701 -0.050
30.170 -10.733 0.050
26.419 -10.181 0.037
21.373 -6.702 0.005
31.163 8.299 0.076
38.866 6.225 -0.046
19.224 -9.331 0.002
38.468 -7.070 0.011
24.936 -10.195 -0.015
15.476 -9.163 0.006
19.064 11.623 0.008
26.210 7.488 -0.014
12.612 4.224 0.030
36.919 7.386 0.048
15.434 1.889 -0.021
24.996 3.767 -0.009
34.382 -1.174 -0.026
33.182 10.453 -0.069
26.936 -6.730 -0.022
28.563 13.028 -0.007
30.277 10.835 0.041
23.479 -7.857 -0.023
17.305 10.519 -0.022
35.940 -5.885 0.037
6.417 -3.646 -0.018
5.147 7.464 0.016
12.505 -12.370 -0.021
9.389 -3.383 -0.087
38.947 8.326 -0.033
21.223 12.899 -0.037
35.384 -4.108 0.008
22.097 -5.452 -0.003
8.686 7.342 0.090
35.000 10.202 -0.034
35.278 7.168 -0.015
4.950 10.463 -0.000
30.660 13.767 0.082
22.747 -12.614 -0.035
7.175 -10.301 0.062
13.495 0.542 -0.034
29.363 1.692 -0.017
7.479 -14.916 0.050
24.290 -7.762 -0.030
21.322 2.094 -0.033
21.228 -3.763 -0.005
7.287 -10.468 0.024
33.011 -14.700 -0.034
21.617 8.694 0.011
27.570 -9.112 -0.027
25.100 -11.742 -0.048
12.802 9.305 0.003
29.471 0.406 0.056
15.895 -5.332 0.030
36.898 0.093 -0.029
18.318 0.378 -0.035
7.780 -13.789 0.012
18.591 -3.508 0.019
15.757 4.435 -0.035
38.056 11.192 0.041
12.319 -11.561 -0.006
35.585 -12.963 0.018
1.025 14.661 0.030
5.374 8.715 0.037
11.785 -8.789 0.012
29.646 14.709 -0.005
24.080 -12.535 -0.025
16.654 12.297 0.002
16.547 -8.920 0.050
33.656 2.157 -0.027
8.686 -10.236 -0.034
31.503 -8.082 -0.058
14.926 -6.799 0.012
27.705 1.609 -0.011
32.666 4.136 -0.038
17.180 5.151 0.019
7.788 -5.363 0.007
9.622 4.406 -0.002
9.870 -8.340 -0.033
3.836 -7.622 0.006
17.086 14.478 -0.048
25.778 -9.780 -0.015
15.483 6.565 0.021
38.265 -7.661 0.009
37.578 14.298 -0.025
31.071 -3.735 -0.019
31.736 12.617 -0.018
12.522 -0.246 -0.030
30.327 -3.318 -0.015
2.105 -7.680 -0.022
0.791 -10.245 -0.029
2.725 11.439 0.004
12.688 -8.954 -0.051
29.082 11.229 -0.038
1.254 11.027 -0.032
15.334 -2.130 -0.023
23.837 -14.674 -0.058
33.862 7.652 0.027
22.529 8.611 0.052
9.821 -6.790 0.077
3.454 14.497 -0.043
20.261 5.776 -0.007
32.252 6.089 -0.020
33.276 1.660 -0.008
24.785 -4.422 0.026
7.199 -14.485 -0.006
2.999 -4.927 -0.045
1.930 12.454 0.001
10.793 6.431 0.064
21.356 -3.569 0.008
5.977 14.802 0.055
24.801 8.028 0.005
12.579 -9.353 0.020
31.588 -14.804 0.061
21.220 2.231 -0.033
30.693 -7.096 0.056
10.268 -0.396 0.051
22.786 -10.452 -0.006
35.469 -10.255 0.034
0.664 -9.809 -0.002
37.322 1.881 0.020
23.656 -13.250 0.008
39.900 6.479 -0.023
11.378 3.750 0.058
19.579 6.059 0.055
27.353 7.386 0.008
23.754 -2.549 0.034
24.845 7.785 0.030
34.582 -2.208 -0.002
6.493 -13.496 0.058
28.697 -9.201 0.027
17.809 -11.102 -0.040
36.505 -3.415 -0.071
37.931 -7.038 -0.015
17.768 14.363 0.011
14.312 1.419 -0.000
36.023 -14.603 -0.007
37.650 11.716 -0.025
30.921 -8.720 -0.013
36.174 -9.209 0.033
37.919 -5.757 0.025
19.390 -14.786 -0.011
14.387 13.590 -0.019
2.289 5.088 0.025
17.541 -6.519 -0.024
8.686 -3.182 0.012
29.007 -10.240 0.010
24.464 -2.146 -0.027
37.452 -9.269 -0.007
27.568 14.679 0.002
10.027 2.342 -0.025
14.968 -3.329 -0.045
20.027 -0.198 -0.006
21.463 -13.825 -0.010
37.632 8.067 0.020
25.311 12.220 0.000
13.038 9.276 0.011
11.005 -3.385 -0.073
23.033 7.083 -0.039
3.415 -4.856 0.009
18.335 -10.958 0.018
35.845 6.217 -0.047
36.716 9.058 -0.009
22.418 8.904 0.039
21.796 7.712 -0.039
13.265 -8.968 -0.052
23.547 -5.299 -0.007
18.283 6.609 0.046
25.957 -7.779 0.007
38.125 11.633 0.016
30.192 -9.091 0.031
5.500 0.569 -0.014
6.892 5.250 0.000
27.610 10.220 -0.028
38.979 1.223 0.007
23.943 -14.204 0.003
33.519 -4.429 0.007
11.142 -2.858 -0.011
9.722 -2.848 0.021
39.307 -2.268 -0.021
35.093 6.600 0.016
17.982 13.059 0.043
32.640 -2.924 -0.014
25.706 -11.233 0.010
31.225 2.250 -0.031
23.541 -12.812 -0.013
27.326 -11.895 0.022
37.707 -14.233 -0.030
17.212 -4.905 -0.021
29.461 10.810 -0.056
38.413 -8.471 -0.028
1.634 8.643 0.025
10.099 14.822 0.029
14.318 7.322 0.020
22.957 13.885 -0.034
18.209 -0.521 -0.007
37.701 7.740 0.025
7.632 -1.167 0.019
12.235 1.837 0.008
3.071 -0.742 0.030
7.101 1.737 -0.030
23.807 -4.006 0.011
2.074 2.772 0.015
37.655 6.837 -0.030
30.377 12.051 -0.017
3.418 14.125 0.041
31.581 -5.596 0.015
4.904 -7.519 -0.036
20.678 -9.121 -0.004
8.576 12.661 -0.004
6.899 -9.507 -0.006
21.315 7.903 0.028
35.370 -6.065 0.027
3.360 -7.818 0.043
8.323 13.236 -0.032
19.417 7.864 0.028
38.218 10.077 -0.028
14.512 -0.283 0.030
34.793 6.660 0.023
21.665 -11.154 0.050
18.084 -10.452 0.027
30.515 -6.482 -0.001
7.818 0.047 0.014
21.072 1.609 0.028
1.363 -0.194 -0.049
20.959 -2.647 -0.030
39.848 -12.735 0.007
2.844 -5.390 0.019
3.963 5.312 0.021
22.919 -2.888 -0.032
37.279 -6.564 0.038
22.256 -0.269 0.001
38.476 11.197 0.017
12.749 -2.606 0.015
39.662 9.676 -0.017
8.481 0.759 -0.030
30.920 5.685 0.058
13.419 3.409 0.004
33.404 -9.619 0.053
1.424 -9.303 -0.033
12.491 -10.665 -0.019
36.956 -7.486 -0.024
30.918 -11.092 0.031
19.400 11.719 -0.002
15.119 -7.961 -0.026
37.770 6.542 0.025
7.809 14.711 -0.030
7.643 -7.677 -0.050
2.454 14.696 -0.026
26.780 11.816 -0.030
36.572 14.772 -0.030
5.188 0.197 -0.019
30.534 -7.918 -0.047
30.664 3.947 -0.003
8.151 13.482 -0.027
20.823 -14.318 0.008
22.923 12.281 0.008
2.245 -2.107 -0.000
37.803 4.091 -0.020
5.314 -1.150 -0.010
5.977 -6.342 -0.021
28.127 -2.958 -0.008
20.027 -3.168 0.024
31.413 12.059 0.031
25.773 14.930 0.039
3.800 9.057 0.003
18.071 9.870 0.031
39.161 -6.225 -0.050
12.263 1.345 0.044
7.329 -8.272 0.028
35.479 14.969 -0.027
3.390 14.054 0.003
16.316 0.261 0.008
39.805 -0.441 -0.013
34.442 10.456 -0.018
5.300 -14.121 -0.019
3.467 11.376 -0.003
19.307 -11.296 -0.014
27.398 14.381 -0.032
32.450 -11.009 0.011
7.967 -1.689 0.016
17.045 4.926 0.007
18.091 5.584 0.015
12.180 -0.199 0.057
27.219 8.718 0.019
21.559 -4.357 -0.004
16.627 4.288 -0.021
30.849 9.050 0.008
11.932 -5.594 0.030
24.090 -0.650 -0.024
31.271 8.927 0.015
13.574 7.625 -0.024
1.276 3.071 -0.048
0.064 -13.504 -0.017
31.574 -8.209 0.044
32.544 -8.281 0.001
28.530 8.395 -0.037
0.959 -2.840 0.010
10.261 -8.388 0.016
37.963 3.376 0.012
22.344 3.886 -0.037
17.200 14.245 0.026
38.853 -9.745 -0.022
38.749 1.608 0.057
10.016 0.430 -0.051
28.854 3.081 -0.028
32.678 6.456 -0.011
34.081 -4.766 -0.039
36.547 -2.670 -0.006
30.077 -4.265 -0.035
2.721 12.493 -0.035
12.231 -12.745 0.012
8.002 12.554 -0.055
25.469 11.143 0.022
21.841 0.075 -0.004
38.879 -14.678 -0.053
9.545 -11.669 0.021
5.030 -14.080 0.040
1.207 -14.819 -0.012
7.984 6.284 0.047
35.764 12.394 0.008
24.599 5.504 0.006
9.913 -13.838 0.029
23.050 13.802 -0.030
25.940 -0.991 0.017
13.294 14.758 -0.017
0.763 5.013 0.003
28.088 11.329 0.004
23.242 -9.424 -0.039
3.251 -5.989 -0.001
20.077 -2.902 -0.024
5.786 -8.320 0.002
16.539 -11.181 0.000
29.353 13.247 -0.037
24.157 -7.477 -0.029
13.226 12.345 0.047
30.624 -12.211 0.050
10.122 -9.914 -0.005
26.055 -3.741 0.010
11.711 -0.230 0.013
25.271 -4.991 -0.035
22.997 -7.931 0.030
24.078 3.896 0.003
33.837 4.977 -0.008
32.519 -14.713 0.036
39.196 2.791 0.007
9.046 -7.697 -0.044
39.369 -2.441 -0.016
26.750 -10.498 -0.019
5.939 -12.780 -0.029
0.099 -6.596 -0.023
9.560 10.730 -0.022
18.111 5.278 -0.021
25.517 -0.225 0.049
35.513 7.591 0.004
33.544 13.726 0.024
36.810 12.250 0.029
34.900 -1.951 0.047
34.829 0.932 0.006
39.334 -14.098 0.002
29.984 1.978 0.011
6.135 -4.821 -0.036
22.997 -5.868 -0.018
17.937 -5.023 0.037
27.253 11.844 0.021
11.535 -12.263 -0.005
36.966 11.702 -0.017
11.340 6.670 0.013
18.325 4.606 -0.051
6.859 -5.377 -0.030
36.754 3.326 0.052
35.906 -14.601 0.012
37.999 -14.935 0.005
8.729 -12.652 -0.020
13.353 3.722 -0.005
36.519 -3.887 -0.026
35.208 -9.010 0.012
4.566 11.085 0.010
18.640 -14.368 -0.002
2.247 9.316 0.047
33.163 1.196 0.020
33.607 -3.334 -0.043
37.562 -4.124 0.022
32.517 9.442 0.058
16.908 -7.944 0.001
15.081 -11.527 0.038
26.341 3.050 0.013
16.942 1.596 -0.021
38.417 -8.025 -0.017
18.637 14.292 -0.012
18.328 -0.011 -0.041
39.007 -7.502 -0.001
10.426 -8.197 -0.023
13.113 2.274 0.050
3.068 -1.956 0.003
37.067 -11.924 -0.034
20.873 -9.092 -0.039
17.793 8.395 0.038
35.670 -8.722 -0.002
36.473 -10.823 -0.037
8.332 11.474 -0.018
5.003 -9.391 0.007
35.225 -13.082 0.002
38.271 10.531 0.062
21.730 -13.865 0.013
29.138 -7.598 -0.015
0.772 -13.439 -0.060
19.624 3.288 0.017
3.203 10.988 0.014
5.261 -3.497 -0.003
2.217 -12.793 0.029
21.448 4.781 0.003
23.004 1.503 0.009
17.181 -7.857 0.066
28.631 -3.765 -0.033
3.318 -1.282 0.029
9.297 -2.273 0.031
7.078 -12.312 -0.018
20.306 -8.013 0.084
31.619 -0.426 -0.046
7.103 -6.290 0.016
36.030 2.223 -0.031
14.016 -0.707 -0.034
7.944 4.480 0.003
10.154 -8.193 -0.009
30.694 9.884 0.016
0.306 2.189 0.000
17.115 -3.206 -0.014
11.626 -12.270 -0.011
21.286 4.717 -0.025
15.772 3.011 0.008
3.709 -12.091 0.034
6.104 2.620 -0.005
38.487 -13.873 -0.006
22.543 10.019 0.005
36.797 -9.284 -0.052
38.163 -14.645 -0.056
24.090 5.551 -0.010
36.556 7.531 0.030
16.805 0.399 0.042
11.880 4.532 0.033
32.454 7.688 0.004
13.136 -10.843 -0.012
10.588 1.134 0.002
19.092 2.311 -0.016
16.217 9.620 0.000
38.325 -2.202 0.013
35.961 14.278 -0.007
28.912 -12.588 -0.050
35.776 -2.658 0.045
10.068 -13.282 0.072
10.498 -1.917 -0.024
13.801 -7.939 -0.030
23.853 -11.957 0.036
0.977 -0.133 -0.044
3.960 -8.648 -0.029
10.091 10.936 0.017
3.856 10.827 0.074
10.065 -2.136 0.034
4.097 -10.176 -0.038
11.873 -11.790 0.064
17.409 -1.405 -0.024
21.805 -1.408 0.019
32.177 -12.795 -0.045
11.620 -13.154 0.017
15.389 -7.337 0.014
34.723 -8.567 -0.039
0.731 7.203 -0.038
20.547 -0.478 0.029
4.734 -0.263 0.022
0.539 -6.612 -0.025
35.456 -1.740 -0.001
26.629 -3.994 0.014
18.627 -5.686 -0.029
32.411 4.714 -0.051
38.240 -7.486 0.001
23.244 11.420 0.000
18.235 -0.379 0.015
0.031 -12.232 -0.024
37.923 3.082 -0.024
31.075 -5.765 -0.022
4.229 7.326 -0.001
17.895 -12.608 0.039
9.860 5.875 0.004
37.886 -4.708 -0.020
12.125 -8.206 0.042
5.702 -5.110 -0.007
35.948 9.986 0.027
12.156 7.423 0.050
5.191 3.207 0.056
2.487 -14.046 -0.019
6.518 4.866 -0.028
17.359 14.159 -0.027
10.033 12.093 0.006
27.040 -6.905 0.033
35.593 12.241 -0.037
5.863 -1.511 -0.013
1.523 14.546 -0.009
30.405 2.637 -0.018
26.523 7.913 0.015
34.727 -6.750 0.053
4.740 2.440 -0.013
27.936 0.036 -0.017
11.291 -5.797 -0.023
7.414 4.999 -0.008
15.183 14.492 0.022
33.976 6.252 -0.016
32.695 -11.704 0.037
33.572 -8.657 -0.003
9.815 -14.593 -0.033
18.074 -3.156 -0.009
7.039 10.496 0.015
8.871 -7.554 -0.005
33.721 -5.172 -0.034
4.274 12.101 0.011
36.706 -3.766 -0.027
38.548 -1.909 -0.015
17.529 13.436 0.021
23.909 14.488 0.022
38.546 13.973 0.012
28.846 14.794 -0.023
31.573 -2.664 0.044
29.732 -3.948 -0.012
2.230 -4.730 0.081
31.334 4.084 -0.023
27.932 -0.313 -0.028
13.591 13.747 -0.007
1.747 -13.920 0.027
14.132 -6.265 -0.035
22.131 7.332 0.008
14.432 -5.420 -0.032
23.252 -13.012 -0.003
15.884 -9.456 0.028
27.806 1.416 0.028
37.449 11.613 -0.024
0.600 -4.797 0.005
24.747 6.712 0.013
32.421 -6.879 -0.018
0.964 10.996 -0.015
18.341 0.494 -0.002
32.267 7.325 0.008
27.363 -11.873 0.004
15.330 -2.252 0.088
13.656 -4.077 -0.016
1.301 -9.810 -0.007
20.015 12.412 0.033
32.819 4.377 0.014
32.995 9.213 -0.070
28.541 14.707 -0.006
19.792 -0.650 0.030
9.846 -1.233 0.001
11.272 -0.522 -0.020
6.905 8.977 0.004
13.178 -11.305 0.040
0.248 5.360 0.012
18.151 -14.288 -0.022
31.307 -4.602 -0.029
13.229 -7.533 -0.040
34.184 0.923 0.011
22.279 13.683 0.035
31.374 -4.027 0.015
39.836 -0.792 0.043
4.207 0.109 -0.011
16.222 4.596 0.055
6.599 7.458 -0.039
5.386 -4.229 0.033
28.633 -5.138 -0.004
0.188 -2.287 -0.006
23.751 -3.299 -0.027
36.658 -0.925 -0.013
16.846 2.483 0.023
27.471 13.208 -0.022
5.262 -12.521 0.010
30.142 -12.552 -0.020
30.985 -4.546 -0.053
23.434 7.026 0.020
36.669 -4.575 -0.018
22.024 -8.993 -0.002
23.815 -10.473 0.046
0.666 13.862 0.047
32.866 12.470 -0.025
13.766 -8.103 0.001
27.719 -4.291 0.032
19.691 11.134 -0.007
6.210 -8.950 -0.042
19.139 10.777 0.036
37.291 2.215 0.063
26.164 -4.819 0.020
4.503 -1.867 -0.013
21.599 -9.454 -0.031
36.143 -9.417 -0.021
1.044 1.563 -0.012
0.056 -14.581 -0.011
32.776 -7.450 -0.028
23.716 13.798 -0.021
30.045 13.827 0.023
12.930 -3.607 -0.007
22.535 8.959 0.001
5.960 -1.833 0.003
4.679 -9.118 0.038
22.119 -5.305 0.039
34.034 -0.144 0.003
21.703 -3.461 -0.045
0.668 -2.697 0.039
0.135 -11.332 0.020
30.439 6.501 -0.008
14.588 -9.136 0.036
7.898 8.570 0.008
10.340 10.847 -0.010
36.893 11.350 0.062
19.188 8.258 0.056
5.527 12.965 -0.083
7.224 6.258 0.042
2.478 -11.160 -0.004
37.875 -7.362 0.056
18.258 -11.633 -0.036
18.002 14.559 0.016
2.355 -9.849 -0.016
11.032 -6.706 -0.001
32.445 -2.432 -0.000
33.753 -11.341 0.017
17.938 -3.542 -0.031
11.206 12.521 -0.017
38.319 10.823 0.007
12.911 -3.774 -0.027
10.933 -11.776 0.004
5.716 14.634 -0.035
19.652 -4.451 0.001
33.627 12.175 -0.040
20.784 8.379 -0.052
32.887 9.360 -0.010
12.958 -13.657 0.042
27.451 3.672 0.024
7.040 5.340 0.039
18.321 -0.602 0.014
12.330 -13.731 -0.001
12.011 13.176 0.019
30.372 2.810 -0.034
8.685 -0.718 -0.003
20.186 -0.269 -0.025
14.524 -7.843 0.038
35.408 -14.093 0.011
9.175 12.761 -0.017
13.917 2.581 0.000
28.385 14.846 0.027
11.817 -5.739 -0.003
29.290 -12.490 0.005
39.196 -13.170 0.016
14.484 -1.951 -0.002
21.481 -11.723 0.071
0.840 -10.525 0.012
32.042 11.810 -0.020
14.996 -12.248 -0.017
24.384 -0.175 0.074
8.214 -2.385 0.007
26.755 3.000 -0.031
19.928 -14.447 -0.053
39.718 -4.604 0.020
37.950 -3.455 0.079
22.816 -5.489 0.020
6.866 -14.993 -0.006
11.514 -6.328 0.038
21.701 -3.373 -0.008
32.050 -14.226 -0.008
35.645 -10.452 -0.006
35.157 -12.332 -0.016
31.155 -7.282 -0.041
18.224 1.500 0.007
22.888 0.654 0.066
10.268 -11.922 -0.042
22.282 8.168 -0.032
14.988 -8.974 0.016
22.094 -1.210 -0.008
1.456 -11.119 -0.002
3.708 6.085 0.009
26.257 10.352 0.020
17.133 7.157 0.006
8.904 0.659 0.021
38.730 12.749 0.024
0.733 14.390 -0.016
37.553 -0.075 0.028
33.743 1.432 0.003
0.013 10.386 -0.032
34.975 2.653 0.049
28.684 1.375 -0.018
8.809 14.870 0.022
27.423 -11.988 -0.016
37.487 -8.615 0.034
2.582 -9.856 -0.044
11.902 -6.395 -0.010
5.120 7.045 -0.011
34.805 -4.442 -0.018
5.046 12.601 0.066
4.089 10.155 -0.046
3.765 -4.115 -0.023
33.470 10.349 -0.011
7.966 0.282 0.042
38.718 0.296 0.002
1.423 14.540 -0.026
18.292 2.470 0.007
5.249 3.575 -0.019
7.251 6.771 -0.014
7.284 -13.642 0.063
22.424 -6.829 -0.021
8.755 9.769 -0.002
13.628 -6.484 0.006
34.506 7.951 -0.057
24.141 -8.905 -0.002
0.260 -9.887 -0.043
10.627 -7.468 -0.071
24.421 -5.593 0.012
12.584 -7.207 -0.004
3.689 10.897 0.016
4.083 1.160 -0.060
14.215 0.105 0.053
24.802 -11.723 0.041
18.828 7.879 -0.030
9.474 -3.235 0.011
6.121 -4.961 -0.012
12.138 -3.749 0.021
35.188 4.567 0.008
3.173 1.552 0.004
2.881 8.569 0.006
3.465 -8.552 -0.021
22.238 -1.976 -0.028
1.043 -12.636 -0.013
12.245 -5.097 0.019
12.124 13.019 -0.009
16.916 0.937 0.004
17.300 -13.706 -0.030
33.571 -7.848 0.003
12.051 13.378 0.020
6.485 -3.413 0.001
31.460 7.065 -0.028
8.910 13.038 0.048
5.615 10.421 0.019
0.788 6.082 -0.025
38.315 -11.780 0.029
26.601 -5.661 -0.007
25.157 -4.784 0.018
3.594 -0.153 -0.005
33.366 7.629 -0.048
2.447 -13.397 -0.011
27.788 -10.604 0.070
33.230 -5.928 0.041
18.492 -3.124 0.007
7.564 -13.378 -0.014
39.007 11.373 -0.033
1.740 -10.936 -0.013
10.848 2.787 0.024
24.571 11.509 0.037
25.290 3.824 0.056
7.584 0.980 -0.042
10.729 7.053 -0.021
16.105 9.830 0.016
39.112 7.984 -0.020
39.710 -10.502 0.025
3.987 9.032 -0.021
34.166 -0.691 0.021
15.907 1.372 -0.017
10.020 0.484 0.046
17.489 -2.504 -0.003
2.155 11.144 -0.017
29.024 -3.344 0.021
28.011 -4.082 -0.015
9.921 -5.721 0.105
1.251 1.206 0.016
29.743 -6.854 0.000
39.132 -10.712 -0.052
5.227 -0.379 0.031
39.345 -8.614 0.034
22.206 -10.796 -0.028
9.332 4.468 -0.022
30.611 1.064 0.026
30.688 2.070 0.046
14.160 -9.033 -0.045
22.916 -9.448 -0.033
8.710 1.404 0.018
23.525 12.473 0.053
7.865 -6.329 -0.038
14.504 6.867 0.005
31.671 -14.513 0.054
31.792 -11.880 -0.005
26.604 -8.324 0.033
36.289 -13.585 0.029
31.081 -1.961 0.008
24.024 -2.535 -0.034
26.763 5.792 0.021
5.258 -13.666 0.012
1.743 -7.387 0.035
9.763 10.600 -0.035
30.424 -8.864 0.025
39.452 -8.384 0.075
8.710 11.818 -0.000
39.176 1.585 -0.042
32.841 -13.532 0.010
6.543 -3.727 -0.046
21.529 -4.100 0.002
10.501 11.789 0.020
29.882 -7.843 0.014
14.204 -12.200 0.042
15.774 -8.314 -0.012
22.786 5.590 0.011
11.817 13.024 0.022
31.695 10.155 -0.005
24.390 1.980 -0.009
2.131 -10.999 0.016
22.662 6.443 0.007
17.532 2.416 -0.004
37.227 -3.608 -0.008
38.179 1.738 0.001
2.406 7.554 0.006
30.717 -9.903 0.018
24.772 -10.706 -0.054
20.051 -7.738 -0.018
4.481 -3.115 -0.013
35.793 -10.182 0.033
25.747 0.555 0.028
25.196 4.620 -0.018
38.460 13.799 -0.022
4.744 4.872 -0.009
15.403 -11.165 0.006
1.350 -6.290 -0.028
11.270 -8.503 -0.031
39.936 -0.709 -0.012
15.265 8.440 0.013
33.021 14.929 0.038
34.492 5.166 0.027
21.595 2.931 -0.030
33.243 -12.555 -0.043
8.572 -4.493 0.041
3.059 12.720 -0.048
8.197 -5.715 -0.011
3.869 -13.791 -0.020
3.913 -4.943 0.026
1.877 -1.391 0.006
2.872 13.127 0.004
4.449 9.167 0.010
21.909 5.489 -0.033
12.051 13.036 -0.001
39.669 10.223 -0.009
25.155 -12.937 0.036
37.455 4.372 -0.026
29.320 5.435 -0.019
35.929 -13.298 0.099
37.755 -7.838 0.003
15.574 11.092 0.030
9.372 5.218 0.000
3.227 13.531 -0.006
38.577 9.439 -0.006
9.562 -10.742 -0.045
39.258 -1.861 -0.044
29.107 -4.238 -0.027
32.572 -7.766 -0.011
1.422 4.657 0.003
36.488 -10.277 -0.026
3.308 0.690 -0.011
32.356 2.151 -0.025
1.394 -12.379 0.012
38.000 -9.788 -0.024
2.302 9.345 -0.001
6.380 9.539 -0.001
18.097 6.830 -0.044
6.963 -9.318 -0.004
4.466 -0.058 -0.044
14.576 14.106 0.060
2.302 -0.454 -0.019
23.159 5.888 -0.003
29.499 2.969 -0.047
19.955 10.692 0.004
22.650 -2.860 0.036
9.896 13.636 0.002
18.812 -0.278 -0.010
25.014 12.976 0.015
37.355 7.788 0.012
20.890 13.454 0.034
39.305 -1.279 -0.029
15.953 4.955 0.039
24.209 14.624 0.005
29.222 3.357 0.040
4.142 1.513 0.012
33.322 -7.878 -0.001
33.246 9.378 0.043
4.683 -14.925 -0.021
26.322 9.133 -0.004
16.546 2.463 -0.027
7.221 9.224 0.033
8.642 12.734 0.031
5.550 -10.331 0.052
37.162 1.297 -0.033
32.934 5.014 0.009
29.499 -10.262 -0.027
7.247 7.304 0.022
29.352 -11.686 -0.013
10.668 11.236 -0.045
20.377 -3.904 0.064
0.854 -1.525 0.033
36.545 -12.177 0.056
13.802 11.271 0.048
27.752 10.965 0.026
4.749 -11.979 0.007
7.853 -12.800 0.024
30.370 -12.962 0.005
28.086 13.207 0.002
24.297 -1.837 -0.062
15.679 2.188 0.019
25.430 6.181 0.015
36.285 -10.375 -0.020
32.964 12.924 0.017
31.604 -5.165 0.005
17.907 -12.279 -0.034
18.019 -6.995 0.025
36.004 -12.849 -0.025
11.033 5.147 0.041
21.313 3.026 0.033
8.621 -2.792 0.014
17.865 -1.540 -0.021
9.467 -2.615 0.006
35.191 -4.071 0.013
36.201 -0.883 -0.025
14.465 10.449 -0.003
31.629 7.473 -0.015
31.991 3.587 -0.025
35.107 -5.679 0.047
29.503 -8.337 0.004
8.922 9.262 -0.006
25.509 -9.792 -0.020
10.635 -12.021 0.042
19.029 -0.286 -0.031
2.265 14.127 0.053
0.752 -11.143 0.042
36.542 11.263 -0.060
18.434 9.384 -0.016
19.737 -2.185 0.056
25.331 2.452 0.006
1.257 9.210 -0.018
26.063 -11.431 0.023
28.929 8.189 -0.008
2.377 8.217 0.014
32.656 12.674 -0.018
20.346 7.105 0.028
20.607 -3.135 0.030
12.477 7.592 0.024
2.267 0.150 -0.026
8.206 1.235 -0.017
7.818 -9.391 -0.019
31.683 -10.470 0.081
24.925 5.178 -0.032
37.834 -14.581 0.002
7.455 -14.290 -0.047
31.474 0.172 0.040
27.040 -5.897 -0.041
18.420 14.393 -0.011
28.704 1.772 0.007
6.846 0.012 -0.016
29.513 -0.340 0.054
10.725 -9.155 0.007
21.403 -9.643 0.034
26.609 12.674 0.005
8.962 -10.669 0.008
38.668 9.733 0.035
4.803 2.437 0.012
35.929 -13.600 -0.017
38.826 -5.589 -0.028
32.448 9.542 0.051
17.990 14.478 0.010
31.575 10.864 0.011
25.260 6.819 0.019
39.404 6.030 0.046
27.922 2.697 0.010
4.926 0.631 -0.030
21.819 10.324 -0.039
3.152 7.034 0.000
20.967 -2.047 -0.046
4.689 -2.042 0.031
19.420 4.308 0.044
31.787 6.684 -0.063
1.095 -8.292 -0.015
14.024 6.115 -0.030
2.535 -11.915 0.076
12.733 14.717 -0.021
15.020 -0.407 0.043
0.587 -7.342 0.059
12.719 -0.279 -0.000
26.977 -0.156 0.008
18.555 -6.354 0.039
4.899 -2.418 -0.076
16.261 -5.873 -0.015
0.772 -3.255 -0.011
5.772 -12.108 -0.055
17.142 -1.806 -0.041
6.375 4.793 0.002
21.955 -0.389 -0.006
4.861 9.579 -0.073
30.919 -13.582 0.011
33.406 -1.647 0.021
33.146 -3.711 0.016
30.337 12.014 -0.016
24.092 -10.627 -0.051
34.649 11.480 -0.020
4.734 -10.969 -0.013
1.834 -7.856 -0.012
13.405 -3.528 -0.032
38.906 -5.682 -0.010
18.667 -12.088 -0.035
22.344 -7.401 -0.043
10.405 -7.915 0.025
22.266 -12.931 -0.018
30.551 -1.973 -0.037
22.674 7.979 0.013
1.675 -11.311 -0.003
14.283 10.377 -0.027
15.863 -1.977 -0.010
4.727 -2.775 0.028
1.483 10.302 -0.034
28.142 -0.537 0.009
0.540 7.235 0.038
11.479 -6.055 0.013
24.452 -2.089 0.032
31.567 -8.542 -0.044
10.724 -2.610 -0.007
2.976 -4.216 0.062
36.845 -2.437 0.011
26.836 10.763 0.043
30.496 1.775 -0.005
26.966 -6.000 0.014
28.070 -0.353 0.024
2.878 -10.328 0.041
5.134 14.513 -0.000
35.531 -11.902 0.036
11.915 -14.552 -0.026
24.616 -13.665 -0.040
28.422 3.776 -0.032
20.737 9.873 0.002
2.447 -3.880 -0.009
23.039 -14.211 -0.033
18.793 3.177 -0.006
11.799 11.917 0.006
17.944 -10.349 0.028
22.917 11.158 0.010
1.524 9.480 -0.041
15.354 -2.432 -0.013
8.155 -14.406 0.033
20.079 6.925 0.037
7.059 0.369 -0.029
17.243 7.057 0.001
18.539 -11.732 -0.021
6.398 14.796 -0.020
9.743 -11.666 -0.013
22.884 -14.363 0.009
24.776 12.999 0.003
36.899 13.081 -0.016
25.119 0.255 -0.033
22.527 -5.763 -0.023
39.260 -3.190 0.077
39.104 3.901 0.010
20.827 -7.906 0.066
19.300 -14.440 0.048
37.749 1.004 0.026
14.391 -6.924 0.006
32.898 7.067 -0.045
7.473 -0.575 0.009
7.054 14.779 0.058
11.596 -11.816 -0.037
20.181 -0.951 -0.013
14.829 -6.029 0.039
8.443 -13.437 0.000
3.629 12.926 0.033
2.817 14.376 -0.002
36.114 -11.415 0.011
31.716 13.072 -0.007
31.539 -2.432 -0.010
25.376 -3.991 -0.004
22.661 0.068 0.017
18.475 -14.613 -0.002
27.574 -4.137 -0.063
17.213 1.232 0.001
35.001 -12.362 0.045
9.540 -9.605 -0.008
18.350 10.909 -0.042
31.044 13.235 -0.009
22.971 -2.647 -0.044
30.178 13.374 0.035
29.551 -4.290 0.006
15.089 -0.650 0.008
16.979 5.703 -0.010
2.334 5.155 0.016
15.413 -2.027 -0.001
37.819 3.717 0.039
2.786 0.515 0.020
36.834 3.127 -0.044
34.527 -10.866 -0.033
31.075 8.777 -0.007
6.482 -5.991 0.015
33.741 1.708 -0.009
39.094 -13.472 -0.035
13.044 -1.284 -0.027
5.559 -6.000 -0.009
6.387 -13.874 0.042
10.599 -3.765 -0.030
10.212 10.987 -0.020
3.030 5.790 0.009
8.629 -5.912 0.003
14.669 13.768 0.011
30.000 14.135 0.012
39.710 7.786 0.018
0.303 -11.239 0.032
36.514 -3.535 -0.010
35.830 2.700 0.044
39.126 2.825 -0.001
20.095 2.834 -0.012
15.354 6.034 -0.014
8.823 0.703 0.023
11.707 -2.410 0.033
10.188 -4.660 -0.023
10.528 2.406 0.023
16.900 1.969 0.014
2.685 -14.925 -0.024
5.292 -13.215 0.001
17.402 14.331 0.023
1.053 10.288 0.052
33.648 14.211 0.010
28.622 -4.590 -0.009
9.972 0.026 -0.013
30.778 -1.839 -0.017
38.968 -14.059 0.032
31.559 1.237 -0.021
11.654 -14.428 -0.006
24.371 6.881 -0.019
28.694 -10.840 0.009
33.768 -5.348 0.021
15.988 -14.318 0.037
10.352 13.367 0.047
16.051 4.652 -0.005
1.743 -0.305 -0.021
34.505 0.296 0.033
26.824 -7.637 0.015
21.296 -3.014 0.006
22.150 5.276 -0.002
38.437 7.974 0.014
1.384 2.482 -0.027
36.391 -2.699 -0.014
11.893 8.556 -0.001
20.079 -5.274 0.013
17.704 -3.550 0.017
12.847 -9.417 -0.010
15.094 11.094 0.005
22.833 12.878 0.008
12.497 8.830 0.027
8.961 2.375 0.019
0.214 -8.570 -0.021
13.119 9.373 0.022
20.861 2.966 0.066
2.061 10.366 -0.044
1.976 5.359 0.020
35.146 3.742 -0.010
0.345 9.817 -0.041
3.680 9.475 0.012
14.145 13.030 0.034
27.077 -1.711 -0.035
26.642 4.784 0.004
22.145 5.032 0.036
16.847 -9.216 -0.014
15.756 -1.860 0.013
1.676 3.055 0.005
28.941 2.045 -0.043
34.438 -4.652 0.028
39.828 -5.857 -0.013
11.116 10.418 0.028
18.075 -5.213 -0.039
10.276 8.502 -0.041
28.734 -10.995 -0.018
29.055 -13.232 0.056
7.216 -2.915 0.013
8.592 0.779 0.017
36.692 -14.998 -0.016
23.853 -8.736 -0.046
6.934 2.421 -0.056
14.309 7.843 -0.030
17.234 -0.257 0.008
28.276 1.205 0.054
33.036 -1.639 -0.049
32.325 5.367 -0.062
4.816 10.420 0.025
3.208 -1.001 0.034
26.030 -12.256 0.006
27.977 13.318 -0.032
3.494 9.892 0.035
20.690 -6.542 -0.028
32.545 1.711 0.076
30.146 2.599 -0.007
34.446 1.302 -0.023
21.786 -11.549 -0.020
18.106 -0.034 0.077
24.998 -14.121 0.019
28.472 -13.254 0.014
9.950 -12.792 -0.034
29.705 -8.111 0.009
14.571 -13.297 -0.004
39.919 3.871 0.043
10.193 -7.000 -0.024
31.170 11.070 0.045
34.624 13.898 -0.028
31.096 0.814 -0.027
26.001 -5.102 0.005
35.176 4.535 0.005
2.016 -9.660 -0.051
14.469 -3.350 -0.044
38.864 7.741 -0.029
20.852 -5.159 0.020
14.103 -4.922 0.032
9.832 10.002 0.025
11.790 -12.221 0.012
0.682 9.220 0.019
28.232 0.344 -0.018
1.125 5.411 0.006
29.845 -14.071 -0.009
1.525 -2.569 -0.015
5.840 -12.419 0.058
17.524 -0.191 0.001
3.216 12.610 0.034
1.879 9.286 -0.032
38.953 1.812 -0.009
37.712 -11.901 -0.019
26.309 -5.262 -0.013
28.531 12.721 -0.006
5.833 2.280 0.010
1.600 -4.235 0.003
9.968 -2.118 -0.016
19.727 13.342 0.048
30.477 0.683 -0.022
18.188 -7.843 0.032
14.670 -5.442 -0.016
2.909 -6.920 -0.031
6.684 8.351 0.039
16.860 4.036 -0.041
10.731 13.440 -0.028
16.883 1.720 0.017
24.721 11.294 -0.010
10.710 9.795 -0.038
38.297 -6.100 0.003
21.688 -14.314 0.042
38.734 10.390 0.018
18.971 -14.953 0.007
23.193 4.963 0.017
39.418 -13.919 -0.016
14.878 6.952 0.028
28.467 5.999 -0.001
31.085 4.255 -0.044
9.367 -3.763 -0.025
14.924 -10.455 0.001
14.662 -11.631 0.003
5.000 -11.276 -0.003
11.923 3.573 -0.031
11.563 -13.393 0.008
31.849 9.345 -0.028
38.909 -1.751 -0.056
0.285 5.326 -0.018
25.681 9.076 0.040
26.271 2.236 0.032
11.064 -3.791 -0.001
32.733 -10.680 0.030
15.961 -14.839 0.017
3.058 1.124 -0.020
2.146 -8.933 0.024
27.237 4.459 -0.004
38.767 1.158 -0.007
22.330 -0.488 0.020
38.435 4.630 -0.025
8.698 1.629 0.012
8.390 -12.442 0.042
34.192 5.241 0.037
13.401 5.060 -0.001
27.171 -7.548 0.035
23.625 13.927 -0.039
16.311 2.289 0.020
28.482 -12.287 -0.016
27.019 -13.763 0.039
39.371 -8.488 0.001
35.568 -5.762 0.009
28.387 1.442 0.012
13.823 7.031 -0.029
24.863 -0.053 -0.087
10.334 -10.253 -0.023
37.464 4.413 -0.000
26.303 8.439 0.046
6.931 2.126 0.000
32.310 -7.438 0.021
30.586 5.120 -0.000
38.469 -11.716 0.005
39.602 10.816 0.023
19.725 9.851 -0.005
5.687 -4.502 0.032
5.626 5.888 0.060
0.843 7.120 0.042
6.173 -9.047 -0.023
29.724 5.824 0.030
0.007 1.101 0.027
18.126 -10.929 0.036
26.745 -7.310 -0.002
7.603 1.506 0.041
24.842 -6.985 0.014
26.406 4.435 -0.008
21.923 12.336 0.034
0.877 7.865 -0.002
24.579 7.110 -0.041
4.085 6.781 0.005
1.551 5.271 -0.037
34.587 -8.679 -0.018
33.830 3.977 0.007
36.776 6.074 -0.061
4.039 11.336 -0.018
12.426 14.382 -0.011
7.683 -2.623 -0.028
13.181 14.817 -0.028
5.304 0.074 -0.048
21.576 -9.035 -0.024
32.293 14.965 -0.025
38.397 -12.394 0.015
32.154 2.279 -0.003
19.155 5.813 0.035
14.463 7.874 0.024
13.215 14.785 0.013
24.862 4.475 0.022
27.028 8.241 -0.015
14.298 4.304 0.054
24.650 14.002 0.031
5.750 -1.256 -0.002
2.263 -6.046 -0.002
31.831 -6.100 -0.002
7.565 1.198 -0.029
34.658 -8.576 0.028
37.727 -9.867 -0.028
8.103 3.013 0.016
11.055 10.035 0.011
22.798 -8.914 -0.004
11.751 -14.177 0.017
2.370 -7.218 0.023
21.485 -13.453 -0.036
5.371 2.186 -0.059
22.151 -10.678 -0.013
7.465 -2.168 0.021
25.730 8.148 0.011
32.397 -7.468 0.014
5.297 10.162 0.012
37.255 -5.368 0.046
27.727 -10.416 -0.028
26.364 -2.390 -0.003
26.115 12.820 0.075
10.948 13.537 -0.043
2.709 3.244 -0.043
27.108 3.767 -0.019
15.206 -3.628 0.001
35.246 -0.857 0.011
9.066 -5.889 -0.004
29.640 11.595 0.024
29.242 -0.834 0.047
28.939 1.883 0.002
24.603 -10.367 -0.035
10.916 11.225 -0.010
38.166 -4.834 -0.004
11.867 13.590 0.014
11.595 4.573 -0.028
34.272 -8.684 0.040
37.026 8.585 0.008
17.736 -12.404 0.043
1.006 -4.090 -0.016
22.650 14.100 -0.016
35.013 2.088 0.083
37.834 -1.592 -0.061
10.626 2.204 -0.010
32.700 -8.491 -0.007
30.438 0.766 -0.019
34.542 9.117 -0.032
33.233 -8.499 0.030
26.264 0.700 -0.013
18.274 4.109 -0.019
16.336 11.449 0.008
27.206 -7.540 -0.007
9.910 -2.570 -0.035
23.074 -0.954 -0.043
3.589 4.665 0.002
11.643 9.795 0.024
0.958 -2.418 0.001
2.813 0.468 0.019
3.202 -13.830 0.019
2.519 14.666 -0.028
6.968 12.286 0.026
6.002 -10.249 0.007
34.780 -13.010 0.067
21.512 -12.477 0.019
1.901 11.817 -0.021
7.059 10.496 0.002
32.605 -0.290 -0.063
25.043 -6.882 -0.018
12.065 6.054 0.011
0.580 -14.040 0.014
14.831 -3.840 0.025
12.957 13.657 -0.013
11.460 -12.657 -0.027
38.541 -3.272 -0.019
32.969 -14.541 -0.033
30.958 11.478 0.047
23.506 0.828 -0.032
33.826 9.843 -0.038
35.321 -0.144 0.057
23.197 -11.602 -0.013
16.411 -9.709 0.018
11.074 -4.519 0.010
21.445 -13.066 -0.018
8.262 -5.893 0.002
7.615 -11.664 0.039
32.470 6.640 -0.013
5.036 9.689 -0.059
11.960 6.038 -0.070
36.196 -9.998 -0.037
28.235 12.535 -0.009
24.013 4.224 0.023
2.815 -3.762 0.030
3.053 -6.735 0.037
2.529 2.117 0.034
6.531 -3.616 0.052
6.964 10.347 -0.005
3.949 -12.144 0.006
3.357 -8.933 -0.072
37.474 9.309 -0.001
38.577 -4.808 0.047
26.822 -8.501 -0.008
29.016 10.729 0.022
12.412 6.660 -0.003
17.322 -2.222 0.009
14.783 -5.596 -0.020
26.695 -1.703 0.011
9.449 13.298 -0.028
11.221 -7.257 0.008
5.186 -2.801 -0.025
25.594 0.200 -0.018
37.928 -7.626 0.030
25.840 10.503 -0.028
5.717 -14.185 0.016
9.203 2.578 0.025
24.467 11.856 -0.027
22.090 -13.857 -0.032
15.203 -4.248 -0.028
0.083 9.635 0.022
4.842 -5.389 -0.006
9.466 3.708 0.008
23.719 -0.459 0.050
29.347 -3.815 -0.014
31.917 0.611 0.033
32.135 3.310 -0.002
8.907 14.685 -0.008
33.456 -3.085 -0.039
7.888 4.490 -0.026
10.748 2.841 0.072
9.928 -9.088 0.007
11.238 -6.444 -0.025
15.734 -14.322 0.039
27.735 -12.609 0.020
6.818 -0.989 0.024
8.461 12.684 0.026
24.366 -12.926 -0.056
17.235 -13.488 -0.052
39.245 0.590 -0.009
1.664 8.763 0.008
3.555 5.715 -0.001
19.370 -7.893 0.025
5.565 8.874 -0.038
29.161 -0.602 0.031
18.455 14.885 -0.066
20.567 -7.248 0.003
24.403 9.445 0.016
27.216 8.034 0.017
18.997 -10.318 0.019
10.887 13.659 0.003
27.010 7.980 0.001
4.929 -1.373 -0.040
12.888 12.380 0.002
24.277 -7.736 -0.008
14.898 -5.180 0.008
28.433 -5.026 -0.021
30.100 2.501 -0.043
30.000 -0.507 0.039
23.996 10.610 -0.057
12.968 14.184 -0.011
17.658 -14.163 0.041
27.403 7.172 0.043
36.220 9.618 -0.054
34.028 6.520 0.023
26.438 10.905 -0.019
28.891 8.703 0.011
1.379 4.290 0.019
16.092 -8.460 0.026
37.990 1.493 -0.058
28.280 -5.147 -0.027
27.976 8.014 0.019
34.906 5.219 0.018
12.828 11.830 0.050
1.391 9.212 0.024
26.423 1.293 0.037
16.829 -14.165 0.034
15.928 11.539 0.023
3.853 9.131 -0.042
8.497 7.181 0.058
30.342 -13.396 0.011
37.902 -3.653 -0.015
1.854 7.846 -0.008
23.497 -11.421 -0.020
11.045 14.244 -0.001
24.826 -0.821 -0.052
8.687 2.382 0.027
36.726 -12.434 -0.032
14.515 7.432 0.031
25.695 -12.391 -0.018
16.851 11.497 0.019
27.707 -10.414 0.040
27.172 6.105 0.013
12.635 5.197 -0.000
0.527 10.166 0.005
0.135 -0.397 -0.008
10.866 -13.456 -0.008
30.334 -10.940 0.061
21.403 -13.687 -0.035
18.830 -5.889 -0.024
1.770 -1.437 -0.015
12.556 -2.714 -0.002
21.175 -2.038 0.019
28.074 4.739 -0.004
29.553 9.273 0.031
14.664 8.938 -0.033
28.476 -0.286 0.011
1.242 -7.801 0.006
17.826 -8.680 -0.032
26.344 -9.859 -0.004
33.746 2.521 -0.012
37.892 11.011 -0.021
28.519 -11.689 -0.026
28.140 -9.293 0.026
17.707 4.249 -0.025
18.448 1.980 0.027
12.940 -12.268 0.031
36.806 -9.202 0.017
14.428 11.571 0.018
9.920 -1.250 -0.047
32.613 -1.099 0.004
19.963 -12.737 0.021
17.385 -4.340 0.025
36.825 -2.142 0.039
2.689 -3.993 0.022
3.748 2.986 -0.003
22.158 -11.419 -0.016
1.524 3.753 -0.022
35.529 8.052 0.001
38.368 -6.217 -0.007
11.300 -8.753 0.041
34.693 1.385 -0.016
18.396 0.246 -0.029
22.011 -4.958 -0.020
17.059 13.487 0.071
35.948 3.495 0.004
12.900 -14.383 -0.038
36.867 2.471 0.045
13.430 12.187 -0.008
10.011 6.374 0.006
39.812 14.047 -0.021
3.628 7.224 0.020
5.585 12.622 0.023
24.233 0.553 -0.024
37.637 2.646 0.002
34.201 -4.209 -0.042
28.464 8.650 0.042
0.648 10.361 -0.029
2.571 -6.591 -0.027
31.737 -13.799 -0.030
31.735 3.636 -0.032
39.210 12.113 0.004
14.353 -1.826 -0.019
22.073 -6.715 0.019
11.043 -14.743 0.015
3.724 -7.706 0.035
27.670 0.865 0.042
27.804 -7.799 -0.021
2.606 -3.542 0.002
22.947 -6.213 -0.028
34.017 -14.647 -0.007
30.519 -4.660 0.019
12.197 9.330 0.012
0.398 1.993 -0.020
9.465 -10.368 0.014
5.647 5.597 0.002
15.068 -13.249 0.017
19.040 -0.453 -0.073
18.853 13.603 -0.028
5.956 3.510 0.030
13.430 6.292 -0.048
9.015 4.073 -0.014
34.045 -4.833 -0.009
31.848 13.598 -0.023
37.560 0.384 -0.012
15.869 2.609 0.004
32.221 -5.614 -0.006
7.721 4.331 -0.017
14.114 -11.400 0.017
15.366 -6.463 0.026
11.860 2.633 0.025
8.094 6.706 -0.058
36.675 6.044 0.041
17.920 -10.876 0.012
28.477 -0.707 -0.006
8.536 4.062 0.031
27.847 -2.017 0.025
27.808 -6.018 0.027
36.130 2.732 -0.023
10.780 2.863 -0.051
37.900 -10.026 0.046
34.019 11.850 0.017
6.189 -9.492 -0.014
16.169 -5.923 -0.013
15.135 5.298 -0.006
39.927 -13.217 0.024
27.160 11.034 -0.037
5.767 10.067 -0.026
19.558 -3.899 0.073
30.528 9.557 -0.039
2.301 0.931 0.015
29.478 -4.615 0.007
27.004 14.321 0.005
30.166 -0.739 0.039
6.147 -1.059 -0.012
37.983 2.787 0.036
15.550 4.545 0.001
26.533 9.234 -0.020
9.778 -13.998 -0.022
1.465 6.857 -0.016
2.264 9.454 0.028
22.844 10.081 0.032
36.026 -3.741 0.003
27.054 -14.419 -0.023
2.026 -9.568 -0.027
0.769 -11.470 -0.005
39.327 6.369 0.041
16.943 -2.612 0.023
35.545 -10.185 -0.009
30.261 -3.566 0.045
29.297 -6.483 -0.048
33.480 9.776 -0.061
15.022 14.458 -0.046
12.281 12.694 0.027
2.128 -6.251 -0.035
39.262 13.727 -0.015
3.584 -8.635 0.000
34.702 5.131 -0.017
3.045 -7.805 0.026
24.249 -6.692 0.011
35.172 4.527 -0.008
22.850 -1.291 0.023
23.423 -13.838 -0.060
20.957 -1.466 0.035
3.730 -9.100 -0.016
38.529 -1.087 -0.028
27.685 -13.826 -0.000
37.708 12.508 0.017
34.272 9.964 0.001
9.150 8.371 0.012
30.700 -10.432 -0.006
21.679 -10.596 -0.019
8.448 -0.058 0.047
23.071 -13.095 0.032
38.977 10.275 -0.044
1.305 -0.059 0.017
26.599 -5.585 -0.025
16.621 -8.435 -0.024
19.864 8.211 0.012
27.414 -5.648 0.029
7.922 12.195 0.048
1.862 -6.489 0.033
5.983 -4.582 -0.016
15.634 14.944 -0.017
26.019 9.489 -0.022
19.335 12.596 -0.009
31.736 10.497 0.049
10.750 -0.090 0.011
4.598 5.536 0.007
23.559 -4.222 -0.095
28.554 -11.107 0.009
19.317 1.882 -0.021
2.243 8.446 -0.007
17.716 -5.896 0.011
27.871 -8.849 0.021
14.440 8.563 -0.020
33.570 5.563 -0.024
9.334 11.622 0.003
26.908 5.228 -0.020
15.955 12.365 0.045
4.284 12.108 -0.013
10.483 7.390 -0.053
5.427 -2.844 -0.001
21.915 9.170 -0.019
33.908 -12.040 -0.005
30.113 -0.151 0.001
25.326 6.333 0.033
1.777 -13.479 0.037
24.458 -14.328 -0.012
30.990 -1.195 -0.055
12.675 12.789 -0.065
18.682 -1.950 0.054
17.806 -0.510 -0.004
19.654 -7.101 0.018
3.634 11.471 -0.014
20.585 3.845 0.005
10.732 -0.218 0.022
21.848 2.166 -0.014
2.905 2.697 -0.004
12.185 -6.242 0.014
4.252 -9.314 -0.037
30.256 -6.042 -0.029
37.457 -12.329 0.016
28.636 9.935 -0.014
15.660 8.362 -0.008
17.389 1.916 -0.048
24.156 1.548 0.012
8.361 7.051 0.011
0.860 2.890 0.059
34.164 7.004 -0.002
19.220 -9.743 -0.007
28.728 10.707 0.025
18.228 -9.584 0.001
10.550 -3.095 0.047
1.337 -8.000 0.001
24.088 10.396 -0.003
21.242 4.012 0.025
0.343 11.299 0.038
5.605 5.079 0.016
37.534 7.101 0.041
28.609 1.595 -0.037
8.854 -8.462 0.002
14.953 8.053 0.015
26.538 11.900 0.051
33.550 -2.904 -0.037
4.878 14.561 0.050
26.288 9.520 -0.000
22.850 3.073 0.027
28.281 -8.197 0.013
3.905 10.632 -0.060
15.027 -14.026 -0.016
25.947 -11.557 0.007
11.076 5.305 -0.017
22.139 5.827 -0.016
16.986 1.758 0.006
21.757 -3.996 -0.006
33.597 7.178 -0.006
30.071 8.662 0.018
3.981 -11.930 -0.014
26.651 -14.517 -0.041
1.790 0.945 -0.030
13.116 -13.954 0.008
29.140 2.672 -0.040
30.945 -10.658 -0.016
39.513 -11.842 0.016
10.781 7.013 -0.021
20.900 -13.765 -0.017
26.054 -11.937 -0.042
31.521 4.784 0.025
35.062 9.768 0.022
12.744 1.700 -0.008
6.472 5.161 0.021
9.634 1.763 -0.019
30.426 -4.833 -0.036
2.655 11.479 -0.044
9.768 -13.830 0.018
33.448 -8.216 -0.025
38.322 -4.415 0.012
17.767 4.644 -0.008
30.922 -0.217 0.030
15.492 0.021 0.007
10.829 7.192 -0.032
22.654 7.418 -0.044
4.701 -14.007 -0.005
18.706 10.839 0.029
26.500 -4.693 0.000
38.237 -0.441 0.041
35.438 -9.036 0.034
8.556 13.606 -0.010
17.054 -10.167 -0.017
2.202 4.505 -0.013
2.125 -4.793 -0.004
39.641 2.994 0.011
7.123 6.471 0.008
14.155 -12.079 -0.032
28.918 -7.966 0.003
8.793 -3.268 -0.005
16.541 11.070 0.023
4.551 1.403 -0.035
31.827 9.884 0.045
13.586 -0.114 0.003
6.637 -5.240 -0.011
11.926 -0.037 -0.007
23.370 14.029 -0.021
17.538 0.974 0.012
11.947 3.051 0.031
11.703 3.855 0.010
13.869 -14.647 0.008
18.764 -9.949 0.028
14.413 -8.047 0.050
27.121 11.286 0.035
13.757 -8.171 -0.060
3.806 4.907 0.008
2.697 5.885 0.013
14.410 -13.109 0.006
38.978 9.535 0.012
16.953 12.293 0.053
15.682 -3.475 0.014
1.444 -11.833 0.004
19.626 4.814 0.001
1.040 -0.807 -0.042
9.213 7.981 -0.035
7.861 8.727 -0.046
13.482 -2.781 0.051
6.271 7.375 0.006
7.457 10.777 -0.031
0.256 -3.648 -0.007
19.101 12.695 0.004
10.494 -7.582 -0.013
33.323 14.892 0.038
30.970 -12.117 0.013
18.292 1.473 0.031
35.928 9.842 -0.018
12.947 9.396 -0.034
2.481 1.586 -0.006
34.120 13.369 -0.002
38.273 -14.891 0.024
1.592 -2.666 -0.056
15.679 0.841 0.029
1.016 -6.730 0.001
26.195 -10.063 0.009
32.825 -8.770 0.029
3.639 -6.137 -0.017
29.040 -7.414 0.000
21.272 -6.199 0.016
6.469 2.813 -0.007
9.830 12.741 -0.035
8.519 -3.434 0.018
8.231 10.157 -0.005
21.525 -9.008 -0.009
2.282 -8.658 0.016
36.252 -13.294 -0.017
14.964 14.779 0.044
16.142 -3.371 0.029
29.526 -2.094 0.045
2.944 -6.768 -0.016
8.343 4.603 0.003
27.267 -12.182 -0.006
26.404 -3.499 -0.014
19.190 -1.795 -0.025
28.914 0.169 -0.006
25.086 2.464 -0.001
28.172 3.402 -0.024
33.480 5.872 -0.067
28.720 10.409 -0.027
34.169 -13.964 0.052
17.401 0.870 -0.012
32.760 -0.751 0.031
29.507 -10.010 -0.024
0.390 1.796 -0.054
20.984 0.047 0.010
36.176 5.810 0.021
17.759 -14.500 0.013
14.683 5.318 0.000
14.467 -14.670 -0.000
32.716 -10.966 0.028
14.094 -8.038 -0.014
8.352 2.651 0.006
27.478 -12.305 0.057
39.410 -7.664 -0.057
24.578 -8.501 0.012
1.264 -9.418 0.063
4.038 2.771 -0.050
12.226 -13.471 -0.050
29.145 8.546 -0.019
36.225 -0.032 -0.006
30.541 2.462 0.048
4.264 -2.363 -0.021
27.203 9.890 -0.050
31.204 14.926 0.047
18.333 14.169 -0.004
8.774 3.112 0.006
20.925 -4.522 0.001
17.860 2.596 -0.034
13.972 2.217 -0.019
0.658 9.604 0.019
10.498 1.775 0.025
29.820 2.270 -0.045
12.710 13.059 0.006
26.324 7.687 -0.029
16.715 5.511 0.026
8.839 -0.161 -0.004
29.585 -12.444 -0.009
36.939 7.003 0.011
28.900 0.089 0.054
29.734 2.102 0.008
16.047 -12.099 0.072
34.813 -11.080 0.020
39.225 11.304 0.011
23.892 -12.890 0.011
29.134 -6.382 0.012
4.284 11.996 0.007
2.482 6.314 0.075
26.631 12.855 -0.030
14.249 13.067 0.008
11.580 3.152 0.004
24.034 5.344 0.012
1.512 12.111 0.003
22.581 -13.782 0.033
27.867 0.255 -0.032
29.514 12.942 0.040
0.822 -5.883 0.043
2.734 7.531 -0.010
31.858 -8.812 0.019
35.151 12.271 -0.045
35.587 -1.809 0.038
21.858 0.998 0.037
13.241 -0.003 0.054
32.741 -14.147 0.005
14.639 1.252 0.070
37.583 14.879 0.033
20.383 11.102 0.041
0.617 10.047 0.032
0.934 -3.104 0.007
35.907 -6.532 -0.018
12.720 -10.972 0.016
7.541 -7.674 -0.007
2.566 4.471 0.041
13.244 -13.071 -0.023
37.777 -6.156 -0.026
0.266 -13.669 0.020
31.875 -6.247 -0.015
15.372 -6.899 0.027
31.056 -8.775 0.018
33.801 14.218 0.033
36.277 14.067 0.024
7.582 -2.250 0.002
28.604 4.471 -0.007
5.898 -10.296 -0.003
8.534 7.678 0.025
8.702 7.197 0.000
38.969 -14.503 0.054
35.774 8.283 0.061
29.957 -9.670 -0.019
7.952 -10.267 0.028
4.986 2.224 -0.037
30.307 -10.494 -0.011
21.511 13.987 0.044
33.130 -13.879 -0.036
27.603 -14.944 -0.010
14.046 -12.033 -0.004
21.594 6.189 -0.046
32.242 -8.166 -0.030
18.324 -11.868 0.021
1.262 -13.996 0.006
16.955 13.513 0.034
29.639 7.385 -0.009
23.223 -10.176 -0.069
32.991 -13.318 -0.001
29.411 11.582 -0.037
24.310 -0.000 0.022
29.060 -2.304 -0.027
9.574 14.877 0.060
7.022 1.158 -0.052
4.794 11.746 -0.013
17.091 -13.501 0.070
16.808 3.193 0.025
10.581 6.222 0.010
31.974 7.936 0.028
8.708 -7.396 0.045
2.127 -11.629 -0.025
18.105 -1.422 0.008
14.786 12.395 0.047
1.085 -0.531 0.033
18.012 -7.567 -0.016
18.301 11.650 0.014
35.701 7.756 0.026
25.919 10.676 -0.035
9.687 -12.401 0.039
38.331 0.137 0.042
33.855 -4.870 -0.043
35.894 -10.402 -0.011
15.488 8.345 -0.022
9.212 -13.343 -0.041
34.497 -13.898 -0.020
32.386 9.207 -0.050
26.278 -3.870 0.026
3.628 -13.669 0.014
16.607 -13.423 -0.047
4.702 -1.187 -0.043
37.931 -10.323 0.025
10.279 0.285 -0.014
34.799 -7.408 0.042
29.907 -14.425 -0.015
21.845 -5.574 -0.009
28.941 4.197 0.005
11.387 -12.578 -0.030
2.072 12.873 -0.011
32.936 -12.484 0.012
16.492 5.807 0.077
1.540 11.367 -0.009
16.712 4.485 0.008
27.972 -7.181 -0.031
31.218 10.411 -0.006
31.856 -4.214 -0.028
7.776 2.408 -0.028
0.794 9.948 -0.025
36.362 6.841 -0.034
19.309 4.910 0.027
9.309 1.244 0.019
5.017 7.554 -0.047
33.788 -2.980 0.038
3.515 -11.382 0.013
33.123 10.665 -0.010
27.863 -2.451 -0.036
8.045 -4.433 0.003
35.589 11.357 0.011
36.545 11.587 -0.043
3.700 -9.044 -0.050
19.656 -11.822 0.037
20.144 -9.015 -0.028
16.648 14.936 0.009
38.456 -0.977 -0.020
17.755 3.255 -0.020
27.321 13.632 0.033
36.479 -5.302 -0.024
35.420 -9.946 0.049
23.951 3.594 0.021
37.933 0.509 0.064
17.878 -14.880 -0.000
29.816 -1.250 -0.003
2.698 -7.384 -0.002
15.722 -2.755 0.011
12.924 10.240 0.050
23.127 -1.733 -0.035
2.454 1.797 0.061
4.958 5.724 0.010
21.431 -3.060 -0.011
38.634 4.621 -0.013
37.042 -5.328 0.031
21.794 -2.817 0.021
8.443 11.575 0.023
28.693 11.908 0.009
11.792 5.715 0.041
8.782 0.429 0.014
19.761 -0.607 -0.012
2.742 -8.971 0.014
4.825 10.156 0.008
31.279 -11.998 0.007
11.692 -9.302 0.038
4.345 -12.263 0.008
19.664 -8.920 -0.035
8.125 -8.544 -0.043
39.703 2.673 -0.027
19.561 1.087 -0.036
26.811 -6.575 -0.017
35.740 -12.119 -0.013
19.385 -6.441 0.052
28.038 9.354 0.021
17.788 3.449 0.040
33.453 -5.898 0.002
19.938 1.728 -0.007
17.588 -5.894 -0.052
36.649 -3.025 -0.013
17.785 -7.566 0.022
12.758 -14.840 -0.029
35.025 -2.298 0.034
23.621 5.011 0.025
26.505 -1.311 0.000
18.999 0.825 -0.001
18.746 -10.061 0.042
33.941 13.768 -0.011
3.666 3.854 -0.012
37.869 2.332 -0.011
24.197 -7.503 -0.043
29.612 2.319 -0.013
39.959 5.772 -0.034
30.301 5.771 0.033
1.203 -10.152 -0.001
32.516 7.429 -0.049
31.528 -3.134 0.037
37.710 -12.652 -0.015
10.490 8.383 -0.015
32.782 -0.562 -0.014
30.733 -8.345 -0.038
24.388 -10.060 -0.011
31.111 7.985 0.016
9.995 11.826 -0.041
18.121 2.858 -0.008
22.811 -1.281 -0.022
37.376 13.937 0.015
28.676 -1.839 -0.002
2.287 11.141 -0.073
33.403 -3.957 0.012
29.797 -0.381 0.019
32.863 3.955 -0.034
31.752 -8.062 -0.018
27.470 -10.947 -0.009
22.927 -1.041 -0.012
5.536 -11.383 -0.024
21.246 0.305 0.051
34.168 14.545 -0.016
38.458 8.107 -0.008
7.517 -8.538 -0.002
27.649 -9.379 -0.002
12.604 5.555 0.054
23.889 14.856 0.024
13.431 4.316 0.056
8.283 9.668 -0.019
23.883 12.624 0.032
14.453 -12.884 0.008
16.751 13.236 0.016
35.169 3.067 -0.050
25.798 0.233 -0.016
9.925 4.273 -0.004
10.884 -1.732 -0.014
21.451 6.788 0.010
3.058 -8.841 0.015
33.029 -10.959 0.021
29.495 -10.945 0.010
3.040 5.691 -0.035
3.360 10.677 0.017
2.446 -2.592 -0.030
19.362 12.788 0.030
9.809 9.655 -0.032
18.938 1.300 0.024
20.426 6.678 -0.076
33.383 1.142 0.041
21.063 4.962 0.002
1.584 -11.835 0.012
11.570 1.941 -0.013
32.295 -6.211 -0.012
31.135 0.179 -0.021
32.148 0.844 0.025
28.652 3.004 -0.008
8.150 7.859 -0.011
10.206 11.561 -0.020
13.785 -9.730 -0.046
9.460 7.372 -0.030
22.922 10.894 -0.010
11.096 12.954 -0.039
29.707 -4.012 0.041
1.723 -12.483 -0.023
26.914 6.553 -0.003
9.671 9.715 0.007
33.097 14.709 -0.038
35.694 -4.229 0.012
22.268 -5.065 -0.013
1.372 -2.198 0.002
2.522 -13.714 -0.009
29.809 0.051 -0.001
10.040 -8.791 0.023
21.104 12.552 0.004
32.651 -12.729 -0.006
32.505 3.107 0.063
39.742 10.565 0.001
25.153 -9.499 0.007
14.290 -3.908 -0.003
21.083 -12.931 0.010
18.774 9.917 -0.039
15.267 -9.763 0.035
39.999 -11.146 0.051
35.329 -10.953 -0.028
15.388 -2.953 0.034
38.181 -9.444 0.019
39.376 11.360 -0.003
18.887 8.890 -0.037
23.835 14.289 -0.041
19.220 7.266 0.003
21.870 -8.908 0.052
31.316 -11.613 0.035
29.379 -1.806 0.049
2.840 -4.590 -0.027
0.153 7.084 -0.020
24.268 6.045 -0.013
11.617 -7.329 0.046
31.268 14.016 -0.027
1.160 13.834 -0.025
10.369 11.673 0.018
23.403 -3.875 -0.002
30.162 3.745 -0.037
15.390 -0.870 0.030
20.681 -4.629 -0.062
14.627 -10.657 -0.011
11.882 5.931 -0.004
14.920 12.642 -0.019
28.090 11.250 -0.004
24.555 -13.161 0.011
3.815 -6.706 -0.034
24.046 1.637 0.011
34.542 8.567 -0.016
15.851 -9.625 -0.011
32.942 10.779 -0.025
29.433 13.425 -0.005
19.521 -2.625 -0.009
3.348 8.682 -0.003
21.967 -14.252 -0.031
11.864 6.076 -0.005
39.214 -7.223 -0.002
33.943 -0.936 0.047
21.891 -4.143 0.013
27.866 -4.894 -0.011
31.541 -4.791 0.021
37.323 -10.332 0.020
27.006 -2.374 -0.008
16.751 7.853 -0.013
6.807 -12.119 0.057
32.523 2.774 0.001
4.088 -14.377 0.013
1.677 -11.827 -0.030
31.359 11.565 -0.003
29.389 -14.592 -0.049
15.709 7.236 0.001
33.665 8.827 0.018
35.948 4.204 -0.041
16.371 6.218 -0.030
1.330 5.661 -0.003
5.683 0.670 0.018
17.340 4.523 0.001
9.971 7.836 -0.033
4.521 4.345 -0.024
15.753 8.759 -0.007
18.049 -14.509 0.002
27.285 5.833 -0.021
32.567 -13.581 -0.025
23.406 -1.281 0.004
39.628 5.688 0.013
9.294 5.233 -0.002
20.334 -9.543 -0.018
13.361 -13.743 -0.062
15.308 -1.189 0.002
3.807 -3.122 0.000
22.066 -12.977 -0.016
25.550 9.337 -0.038
6.888 -4.975 -0.009
4.589 11.297 0.059
3.708 6.668 -0.052
18.834 -9.876 -0.031
36.357 -3.035 0.005
1.219 2.711 -0.042
1.420 3.250 -0.022
32.448 14.220 0.002
13.071 4.803 -0.015
20.951 14.396 -0.014
29.952 3.257 -0.006
11.034 3.670 -0.029
39.123 -11.794 0.023
15.396 4.797 -0.029
19.463 -3.972 -0.028
39.185 -8.369 -0.012
21.824 8.288 -0.011
8.185 13.433 0.025
10.451 -7.788 0.008
33.504 6.811 -0.010
15.164 -11.018 -0.016
13.509 3.504 -0.032
0.451 -3.197 0.025
0.739 14.538 -0.025
5.378 -13.228 0.026
11.494 12.024 -0.044
39.390 -6.231 0.013
21.102 4.558 -0.015
1.683 3.630 -0.040
20.925 10.066 -0.075
11.870 2.616 0.004
35.331 14.581 0.022
39.517 -10.953 -0.000
21.718 6.924 -0.051
30.133 -2.486 0.053
14.149 -11.427 -0.014
7.584 -3.508 -0.027
26.271 -4.013 0.013
2.851 3.850 -0.025
20.316 -4.403 0.040
32.629 -8.339 -0.001
7.442 5.033 -0.010
29.073 -11.945 -0.000
8.890 1.835 -0.016
28.433 -8.369 0.002
8.776 -5.851 0.049
18.196 6.592 0.034
15.314 -6.039 0.033
2.732 1.461 0.023
25.099 -10.357 -0.001
3.016 6.673 0.045
25.172 -12.903 0.006
19.554 8.541 0.033
33.670 8.874 0.004
17.884 7.745 -0.017
2.613 4.397 -0.037
13.578 6.659 0.017
28.066 -2.801 -0.034
3.480 -3.619 0.000
7.418 6.711 0.031
4.247 3.373 0.013
31.718 12.135 -0.018
10.628 -8.258 0.001
5.678 6.536 0.054
26.057 2.516 -0.007
10.472 7.776 0.032
23.439 5.341 0.017
30.922 5.688 0.046
25.236 -10.981 -0.004
32.572 1.384 0.035
9.626 -1.754 0.007
29.377 -7.670 0.020
24.188 9.182 -0.029
15.954 -12.466 -0.017
25.809 -13.284 -0.011
25.576 1.581 0.001
6.028 1.818 0.001
10.455 8.350 -0.011
21.966 -8.841 0.019
8.288 -6.277 -0.014
17.973 11.331 0.019
15.038 -14.195 -0.029
21.653 -4.517 -0.001
6.866 -13.460 -0.006
24.762 11.176 0.017
29.077 -8.163 -0.043
19.546 11.466 0.005
13.162 13.000 -0.039
7.849 12.554 0.020
34.050 -1.130 -0.023
37.774 6.046 0.048
31.128 -0.502 0.010
12.794 -13.656 0.038
32.605 -5.856 0.015
16.450 2.459 0.024
8.702 -5.714 -0.027
18.028 -2.071 -0.007
0.459 3.764 -0.039
3.659 -13.676 0.012
22.557 -4.415 -0.014
37.452 -14.680 0.024
38.586 1.749 0.022
27.072 -11.970 0.012
11.191 -2.187 -0.008
0.016 -5.945 0.013
32.867 -13.808 -0.001
1.665 10.805 -0.006
30.514 -9.233 0.002
29.630 5.961 0.025
4.046 -12.792 0.007
29.559 -12.351 0.002
20.636 -14.180 -0.010
11.845 -6.705 -0.031
32.040 13.752 -0.002
10.039 4.817 0.003
25.719 11.478 0.017
5.348 0.669 -0.021
36.717 -9.227 -0.023
28.826 6.716 -0.041
17.438 -9.930 0.012
4.444 -3.971 -0.032
39.835 6.441 0.035
19.103 -6.622 -0.023
36.838 13.032 -0.016
39.299 12.293 -0.010
23.338 13.011 0.009
17.827 -14.235 0.045
11.026 3.829 -0.022
18.826 -13.347 -0.021
16.420 -4.456 0.054
5.092 10.964 0.055
7.635 10.847 0.053
33.162 14.357 -0.014
35.596 4.481 0.063
19.075 -2.874 -0.001
39.700 -6.885 0.048
24.617 -1.749 -0.025
12.209 4.717 -0.001
29.143 -8.809 -0.038
27.800 8.448 0.005
30.735 4.207 0.042
39.431 4.160 0.021
12.071 -14.256 0.026
7.041 6.325 0.035
23.325 -4.416 0.030
13.190 -3.531 -0.012
23.642 12.706 -0.009
32.711 14.128 -0.001
11.102 10.668 -0.008
23.568 -13.387 0.031
34.207 -1.746 0.019
32.311 12.093 0.012
3.570 -3.187 0.022
13.227 -0.544 0.011
16.155 -5.148 -0.008
24.138 -2.990 0.032
17.953 -2.564 0.018
14.101 14.474 0.035
16.366 -13.890 -0.005
25.190 -0.531 0.074
2.611 7.854 0.030
18.134 8.139 0.018
36.625 -0.733 0.040
24.310 -11.345 -0.030
29.680 -0.872 -0.055
31.381 -10.747 -0.018
36.147 -8.960 0.038
3.024 3.793 -0.004
2.734 1.427 -0.056
6.499 -2.121 -0.019
12.253 -5.864 -0.013
2.284 9.180 0.046
25.004 -13.878 0.002
30.725 -9.510 0.048
30.830 -6.283 -0.010
18.430 -1.866 -0.002
17.277 12.817 0.002
11.068 -11.796 -0.011
38.294 -2.591 -0.086
32.305 11.549 -0.041
32.829 -0.365 0.045
20.639 14.104 -0.012
2.959 12.465 0.027
4.198 -1.498 -0.051
3.397 1.295 0.008
37.950 6.016 -0.018
3.897 13.274 -0.072
21.409 -10.829 0.011
28.164 -11.057 -0.016
32.852 12.254 -0.016
20.952 -1.520 0.047
26.041 -7.115 0.027
15.829 7.825 -0.016
33.350 -10.934 0.047
3.928 -10.038 -0.043
6.772 -7.557 -0.013
12.700 4.207 -0.033
24.564 0.884 -0.021
12.774 4.271 0.026
3.325 -4.630 0.018
34.633 -8.470 0.040
3.947 -5.258 0.033
9.776 7.889 0.011
36.936 10.336 -0.019
29.658 1.897 0.002
24.909 14.498 -0.013
28.370 -6.328 -0.006
11.957 -0.970 -0.007
28.018 13.221 0.024
14.003 13.636 -0.017
15.205 2.388 0.033
25.015 2.762 0.023
18.798 -8.463 0.006
36.446 -12.689 0.021
11.105 -10.615 -0.025
9.105 -2.494 0.042
29.287 3.962 0.014
1.545 1.937 0.016
7.301 5.406 0.009
30.141 10.652 0.006
1.304 -2.450 -0.026
4.200 -14.347 -0.041
28.312 -3.211 -0.013
15.370 7.445 0.038
1.541 14.326 -0.018
5.756 -0.440 -0.018
29.084 -14.829 0.006
14.320 5.060 -0.050
25.574 6.086 0.006
36.030 -0.610 0.016
39.718 10.620 0.040
28.877 -5.436 0.007
14.384 9.662 0.019
26.315 0.778 -0.015
36.983 2.488 -0.021
33.710 -8.122 -0.058
19.409 -2.565 0.051
36.995 -7.307 -0.015
36.014 1.476 -0.022
16.402 -14.421 -0.008
21.344 -13.565 0.011
16.463 -8.281 0.007
7.712 -14.275 0.017
36.695 12.186 0.026
35.075 -0.029 0.074
4.629 9.714 -0.030
7.556 -2.564 0.032
32.019 5.886 -0.052
1.660 11.703 0.025
10.831 -9.493 0.020
21.420 -3.510 0.029
25.342 3.945 -0.023
34.452 1.269 -0.009
10.929 -11.032 0.026
11.635 12.506 -0.078
5.687 12.777 -0.014
11.245 -0.530 -0.006
28.064 6.486 -0.041
14.988 -1.200 0.019
24.387 6.426 -0.012
26.709 -12.536 0.035
23.951 -13.014 0.013
16.449 -7.416 0.006
19.927 -3.159 0.019
34.484 13.310 0.005
14.189 7.247 -0.025
7.879 -11.646 -0.061
8.740 1.416 0.020
11.598 5.481 0.007
6.278 -13.898 -0.023
39.276 -4.940 -0.005
5.572 12.408 -0.027
31.307 -0.545 -0.005
23.084 -0.006 -0.004
39.889 0.960 -0.012
10.653 3.077 -0.034
35.122 3.690 -0.001
4.955 4.517 -0.043
10.254 12.988 -0.030
18.554 -1.966 0.016
34.337 6.538 0.002
24.784 6.606 0.018
31.089 5.973 0.039
19.813 4.975 0.019
2.408 -11.570 0.032
4.929 10.955 0.018
11.935 4.319 0.007
5.531 10.486 -0.002
38.060 -1.437 0.027
21.227 -6.955 0.029
34.577 -4.875 -0.031
39.413 -3.373 0.012
37.528 -9.865 0.026
4.147 11.448 0.001
1.372 -5.418 -0.054
28.156 9.787 -0.001
13.762 -13.109 -0.057
19.040 -1.619 0.011
34.850 12.017 -0.027
25.753 11.707 0.022
32.024 -4.120 -0.028
29.548 -3.723 0.034
18.719 1.912 0.039
13.894 13.771 -0.029
26.299 -8.735 0.014
36.511 -1.869 0.036
34.148 14.655 -0.028
33.693 13.153 -0.059
10.557 1.996 0.008
7.632 3.468 -0.013
27.825 14.515 -0.003
19.892 -7.642 0.016
39.028 5.348 -0.055
7.030 -9.765 0.034
38.966 -10.370 -0.016
37.826 -11.337 -0.003
0.467 6.171 0.050
7.348 -4.518 0.019
30.265 -4.719 0.003
22.666 11.012 -0.052
7.147 -2.408 0.044
33.617 14.421 -0.022
31.203 -0.026 0.020
20.464 7.676 -0.006
16.083 6.689 0.034
35.927 -13.420 -0.037
12.717 -7.825 -0.008
25.266 -12.557 -0.000
23.847 1.906 -0.018
6.340 11.143 -0.067
28.890 -3.799 0.029
11.738 -8.585 0.021
16.352 -13.125 -0.024
10.031 -13.030 0.003
8.304 4.246 0.022
28.764 -9.721 0.020
2.933 3.682 0.044
23.496 -14.611 0.006
26.740 13.790 -0.007
30.670 -13.119 -0.032
11.026 -3.707 0.002
2.122 11.693 -0.006
24.014 -5.157 0.037
1.987 8.220 -0.037
36.691 -8.683 -0.007
0.078 -11.659 0.032
32.886 2.518 0.035
19.108 5.907 -0.011
17.173 -12.535 0.026
14.461 6.957 -0.035
1.062 -5.856 0.052
24.886 11.965 -0.025
19.986 -14.210 0.020
21.917 4.917 -0.008
19.561 6.160 -0.059
34.016 -13.555 -0.021
16.359 3.734 0.060
35.537 -11.729 0.007
0.758 -1.721 -0.041
14.724 9.030 -0.038
22.434 8.090 0.011
0.036 -3.171 0.001
21.935 11.901 0.005
5.813 -2.635 -0.006
39.038 -14.342 0.010
31.699 3.911 0.008
24.146 3.387 -0.005
27.503 8.182 -0.061
33.085 -8.079 -0.010
25.787 7.974 0.006
38.433 13.580 0.028
2.089 -10.534 0.047
23.544 -8.364 0.006
1.938 -2.519 0.049
15.174 13.183 0.004
24.771 -12.351 0.041
26.525 -2.036 0.010
2.576 -1.552 0.020
25.852 -2.669 -0.036
25.137 -11.443 -0.014
0.316 8.549 0.032
4.752 -13.080 0.030
19.187 -7.269 0.023
33.218 12.144 -0.010
14.378 12.870 -0.023
28.826 -13.874 -0.017
3.826 4.351 -0.008
34.388 11.723 0.009
27.927 1.680 -0.026
7.725 0.494 -0.004
4.157 3.222 -0.017
24.545 -13.031 -0.083
33.737 12.757 -0.041
22.366 -0.745 -0.000
0.448 -11.798 -0.012
11.402 7.238 0.013
18.330 7.841 -0.082
0.172 -11.874 0.011
1.048 -3.548 -0.023
16.958 -2.123 -0.010
5.331 6.896 -0.043
32.067 -2.222 0.017
15.618 1.488 -0.010
34.237 -2.848 0.028
15.846 -3.152 -0.038
13.610 3.000 0.006
28.700 12.289 0.021
24.415 0.259 0.038
20.855 4.729 0.033
6.706 6.188 0.014
5.794 8.140 0.011
37.067 -8.907 -0.031
16.230 -8.946 -0.041
37.891 2.892 0.055
7.308 14.393 0.043
25.545 -4.279 -0.012
28.393 12.432 -0.048
32.571 -12.871 0.036
8.707 5.035 0.026
29.760 1.815 -0.011
3.185 -4.595 0.003
38.751 -14.324 -0.002
5.203 -12.810 0.028
21.105 -5.014 -0.003
38.308 9.116 0.038
15.068 7.359 0.017
22.593 11.880 0.031
20.438 -12.600 -0.019
26.045 13.834 0.015
26.232 -14.374 -0.063
12.749 5.051 0.029
0.879 0.063 -0.054
23.800 2.549 0.006
35.328 -4.382 0.001
27.217 -4.054 0.032
38.816 -7.708 -0.008
5.197 -10.862 0.042
9.926 -0.459 0.032
34.765 4.743 -0.014
0.214 4.040 0.018
11.439 -8.461 0.018
0.919 -4.171 0.013
9.416 -7.483 -0.050
31.309 12.035 0.004
10.641 -0.777 -0.002
3.860 -4.077 -0.016
12.898 -2.127 -0.044
28.667 9.243 0.012
26.855 -9.878 0.013
25.939 9.664 -0.039
36.398 4.380 -0.037
17.476 -3.249 -0.001
22.031 12.579 0.012
29.927 5.762 -0.004
2.652 -9.345 -0.032
24.539 8.148 -0.009
35.952 12.643 0.002
18.690 -12.262 -0.023
32.722 9.219 -0.025
34.936 -9.718 0.027
35.247 -1.105 0.038
20.038 8.781 0.036
3.485 -9.030 0.025
28.140 -10.597 0.012
1.659 11.241 0.024
24.472 -12.666 0.014
23.630 -8.124 -0.007
39.535 -5.417 0.039
27.197 8.764 0.023
8.527 -4.611 -0.021
2.016 -2.516 -0.014
34.136 -5.782 -0.000
18.108 -1.125 0.014
38.001 -5.079 -0.042
34.244 -5.435 -0.015
18.588 -1.119 0.022
36.389 1.481 0.003
6.954 -4.556 0.046
31.607 -3.046 0.016
38.538 10.729 -0.063
0.502 9.371 -0.077
20.420 5.582 0.061
33.353 2.956 -0.015
23.482 9.014 -0.044
32.898 -1.011 0.005
12.430 3.246 -0.014
25.028 7.794 0.011
6.132 -7.681 0.020
37.700 -12.038 -0.010
27.636 -2.006 0.062
19.959 -14.187 -0.010
29.136 10.077 -0.012
37.708 3.842 -0.043
6.013 -7.961 0.011
14.890 -8.802 -0.004
25.248 -11.261 0.011
17.939 11.024 0.017
19.804 13.765 0.007
33.083 -1.457 0.032
3.240 0.057 -0.031
9.445 5.062 -0.050
5.087 -1.420 -0.038
6.963 14.101 -0.003
20.277 -7.755 0.074
28.856 -0.808 0.002
12.422 -12.062 0.032
17.487 -7.851 0.023
17.640 -0.135 -0.012
29.065 8.531 0.008
0.171 -14.669 0.032
24.708 13.220 -0.034
37.621 13.499 -0.029
27.603 -5.826 0.039
29.145 9.557 -0.002
23.763 -11.442 0.002
7.459 8.361 -0.007
35.844 -2.347 -0.044
4.401 -14.987 0.016
31.682 -14.530 -0.019
12.244 12.009 -0.020
30.397 9.298 0.048
7.727 5.633 0.049
36.547 -0.960 -0.017
29.491 -11.723 -0.037
2.327 -4.067 0.009
9.163 6.406 -0.033
8.051 13.748 0.009
4.557 -14.365 -0.036
15.484 -3.139 0.013
5.730 11.458 -0.007
35.600 -10.172 0.039
8.092 3.917 0.038
21.443 6.550 0.062
8.797 3.833 0.000
23.677 5.793 -0.027
24.416 -12.053 -0.014
0.765 -10.523 -0.014
2.193 -14.475 -0.024
39.450 -7.228 0.009
29.517 1.635 0.011
36.844 -7.124 -0.013
24.650 6.340 -0.024
31.784 -7.356 0.014
2.292 -9.760 -0.042
13.798 14.115 -0.004
22.788 -1.503 -0.037
22.241 -3.842 -0.010
14.295 9.728 0.036
1.383 -13.010 -0.012
20.081 3.919 0.006
37.881 11.821 0.012
28.029 -13.599 0.032
31.477 -5.581 -0.021
39.642 -11.764 0.001
38.432 2.975 -0.043
32.180 7.034 0.016
36.632 6.479 0.005
9.503 -2.690 0.001
36.775 -12.176 -0.007
18.651 -14.142 -0.035
3.156 -2.126 0.056
9.496 12.008 -0.036
34.252 -12.772 -0.014
35.896 -7.417 -0.016
34.817 5.180 0.008
34.951 2.731 -0.063
39.238 11.974 0.059
18.087 -10.974 -0.022
1.227 -12.577 -0.008
1.898 9.931 -0.009
27.852 9.527 -0.013
16.815 -4.619 0.048
7.363 -3.642 0.067
8.879 -0.847 0.036
9.719 2.983 -0.074
15.814 -14.486 0.011
38.381 11.351 0.027
29.070 -11.260 -0.028
6.658 -14.249 0.045
14.893 -7.352 0.022
26.339 -14.956 -0.036
33.234 9.831 -0.018
10.089 -1.220 -0.013
29.154 -13.341 -0.045
21.780 -12.826 -0.039
38.662 8.527 0.028
5.288 -9.233 0.059
22.746 11.035 0.038
24.399 -8.469 0.026
33.961 -0.386 0.067
28.087 5.136 0.055
37.463 7.806 0.014
25.041 11.660 -0.003
10.461 -9.489 0.030
26.100 2.734 -0.055
11.885 5.469 -0.031
39.344 -4.127 -0.017
9.798 3.999 -0.008
8.147 5.509 0.069
21.885 14.367 0.001
11.831 -1.635 -0.035
11.565 -0.533 0.003
9.867 -9.885 -0.044
3.560 9.109 0.023
32.436 -14.554 0.081
22.222 -12.392 0.045
31.519 3.358 0.047
28.512 8.732 -0.008
34.247 4.523 -0.011
1.937 -6.459 0.022
36.448 -12.456 -0.019
9.324 3.826 -0.053
15.967 2.513 0.024
32.514 -5.903 -0.014
28.303 -2.189 -0.040
27.672 -10.262 -0.011
33.491 3.412 0.031
27.100 -12.810 -0.007
39.276 1.777 -0.011
35.645 -5.550 -0.026
34.535 -11.260 -0.037
36.366 12.181 0.025
36.341 12.016 -0.001
36.042 -4.949 0.007
31.940 11.894 -0.000
25.058 9.165 -0.006
6.706 9.621 -0.032
30.838 -13.695 -0.016
11.382 4.855 0.018
23.093 -9.465 0.010
9.304 -11.885 0.010
12.516 10.054 0.022
14.243 -7.398 0.076
27.415 1.586 -0.017
32.142 7.682 0.030
21.993 4.241 -0.051
2.428 -2.161 0.014
28.950 -2.828 -0.008
20.025 -0.240 -0.025
27.688 3.575 -0.001
8.952 13.973 -0.010
24.254 -11.124 -0.057
9.095 3.759 0.000
21.534 12.394 -0.006
3.825 -10.980 0.023
15.546 13.533 0.014
15.325 -9.387 0.036
33.436 12.979 -0.017
7.711 -7.788 0.060
21.882 -3.236 0.017
34.770 -12.790 0.012
11.297 3.277 0.002
14.515 -7.658 -0.012
39.734 -1.952 0.020
1.870 -6.197 0.029
12.334 3.560 0.055
23.805 -4.817 0.027
2.275 -1.307 0.003
28.851 7.338 0.008
7.536 3.097 -0.003
35.495 0.881 -0.008
39.178 14.457 0.007
5.170 5.915 0.065
1.534 1.134 -0.032
26.201 4.306 -0.008
1.617 -13.465 -0.005
7.385 -7.265 -0.037
2.362 -1.608 0.047
8.812 7.705 -0.026
33.281 -5.523 0.031
26.594 10.283 0.063
2.451 14.242 -0.013
6.877 -14.265 0.009
32.677 -1.483 -0.041
25.848 -12.720 0.003
22.813 13.570 -0.031
29.497 -13.588 0.015
30.882 14.819 -0.045
1.768 -14.372 -0.016
16.328 -13.838 -0.022
5.851 -2.465 -0.002
34.470 -2.994 0.026
26.552 3.053 0.025
24.037 -13.126 -0.017
33.553 -3.403 0.036
27.906 9.272 0.011
16.082 -4.583 0.021
2.769 10.203 0.023
20.844 -4.718 0.052
34.933 -4.702 -0.009
0.959 10.022 -0.053
37.840 -5.274 0.010
20.710 -10.193 -0.024
17.080 11.290 -0.035
23.733 12.548 -0.034
39.669 4.783 0.037
33.510 -7.898 0.014
36.825 10.875 -0.050
30.956 -14.643 -0.039
0.917 -7.265 -0.039
39.225 2.901 -0.008
27.266 -1.188 0.033
10.208 12.513 -0.016
3.968 -14.662 0.026
25.475 8.004 0.012
12.784 -5.426 0.006
31.740 -8.489 0.027
36.585 11.162 -0.013
25.007 -4.154 -0.028
37.538 -0.057 -0.026
1.282 -2.413 0.002
18.750 -9.476 0.010
8.777 -4.955 -0.040
6.393 8.530 -0.027
39.423 3.819 -0.039
3.259 13.829 0.007
23.614 -13.564 0.023
34.213 -10.928 -0.045
18.845 3.440 0.040
9.363 -14.374 -0.017
31.504 2.014 -0.003
26.221 -9.490 -0.012
22.995 -12.866 0.013
11.297 -10.634 -0.008
36.506 -12.239 -0.005
19.820 2.807 0.012
20.301 -3.705 0.008
37.584 -13.986 -0.005
19.372 1.314 -0.022
11.736 -8.812 -0.009
35.768 -4.475 0.023
22.890 7.290 -0.013
34.001 14.455 -0.037
21.465 9.315 -0.002
30.877 4.262 0.035
25.855 13.471 0.027
9.501 -8.906 -0.038
1.846 0.950 0.012
8.738 -7.058 0.038
24.788 -11.730 0.022
15.918 13.462 -0.057
24.461 7.054 -0.027
25.199 -13.468 -0.033
39.284 6.029 0.030
18.375 -3.923 -0.003
25.146 -7.155 -0.015
10.865 -4.651 0.037
26.167 1.514 0.005
2.989 8.729 0.007
13.151 -14.665 0.038
14.598 11.507 0.048
35.266 10.351 -0.015
0.156 -4.180 -0.047
7.044 -14.166 -0.040
10.819 -2.098 0.001
3.871 -10.277 -0.001
12.842 2.758 -0.004
31.273 -14.006 0.032
17.621 14.091 -0.005
34.390 -1.624 -0.032
11.603 6.579 0.036
0.119 -5.983 -0.048
28.214 11.101 -0.057
4.603 -2.203 0.031
30.823 11.334 0.038
20.505 7.145 0.038
11.632 6.456 -0.025
24.385 3.726 0.018
26.310 -6.281 0.007
34.845 1.463 0.040
18.410 0.075 0.035
21.400 -9.264 -0.007
13.617 3.718 -0.014
7.394 -8.494 -0.029
38.913 1.580 -0.006
12.323 -5.617 -0.023
15.562 -12.450 0.020
4.541 12.712 0.030
9.545 10.473 0.073
14.131 11.104 0.024
34.314 8.933 0.003
34.437 -11.553 0.000
32.965 -6.889 0.028
21.209 -7.752 -0.039
33.837 7.384 -0.017
1.109 -14.623 0.008
22.309 -2.409 -0.001
16.406 11.059 -0.028
14.878 -3.219 0.046
2.721 12.928 0.014
39.876 14.750 0.015
38.032 7.071 0.025
34.724 -6.399 0.014
2.488 -5.743 0.021
31.819 -3.670 0.053
14.821 6.805 -0.013
0.776 6.190 0.015
20.412 8.354 -0.015
4.209 12.798 0.029
27.651 -12.949 0.034
23.898 -5.178 -0.053
0.282 -8.406 0.007
9.601 -10.795 0.006
26.235 10.624 0.029
27.962 -8.020 -0.008
25.395 14.665 0.023
3.961 -4.130 -0.015
29.840 -1.699 -0.012
39.789 9.602 -0.046
14.193 14.063 0.002
6.699 13.711 0.004
33.008 -3.680 -0.025
21.359 10.194 0.030
0.990 -10.227 0.043
6.514 3.133 0.025
5.738 -13.866 -0.006
31.544 -11.183 0.012
30.190 -9.691 0.032
35.152 -6.454 0.003
6.656 13.661 0.011
19.677 -3.576 -0.010
24.145 12.899 0.009
28.898 -2.873 0.036
35.046 -10.807 -0.011
13.762 10.786 0.008
1.061 14.340 -0.020
18.916 -3.939 -0.030
26.404 -2.896 -0.001
5.111 14.500 -0.012
21.459 6.326 0.008
11.071 14.611 0.018
31.778 -3.117 -0.033
24.122 0.879 -0.000
22.873 4.844 0.012
0.609 11.310 0.002
3.093 4.388 0.042
18.745 10.649 -0.065
21.571 12.240 0.038
14.896 2.901 0.038
8.186 13.735 0.011
4.406 -9.699 -0.068
5.227 -8.517 0.034
22.890 -1.568 -0.013
21.500 10.001 0.048
15.358 5.804 0.023
27.425 -1.372 -0.026
30.857 1.452 -0.026
34.788 -0.277 -0.002
22.705 10.674 0.038
29.313 -10.622 0.013
35.422 8.533 -0.015
19.942 -7.740 -0.047
30.818 3.056 -0.024
12.589 3.506 0.013
8.142 7.759 -0.002
35.218 -8.006 -0.046
30.423 9.944 0.006
19.401 6.751 0.006
29.809 -7.337 -0.002
32.809 3.251 -0.000
22.545 -0.985 -0.003
31.428 10.838 0.019
1.292 -14.058 0.010
37.505 7.563 -0.049
34.955 1.449 -0.024
27.077 -11.977 -0.023
35.121 -2.144 0.033
19.176 6.906 -0.040
20.460 4.137 0.036
0.302 7.502 -0.062
0.422 -4.428 0.035
15.530 0.773 0.014
15.064 -5.470 -0.036
38.031 7.901 0.032
35.568 7.450 -0.026
10.013 12.870 -0.010
18.386 -4.508 -0.036
12.431 -4.386 0.008
24.773 7.558 0.017
27.152 -13.663 0.031
3.277 1.190 -0.006
10.203 5.523 -0.025
8.320 -0.580 -0.002
20.205 -1.708 -0.013
14.423 6.589 0.037
18.334 -12.073 0.013
11.643 9.677 -0.051
7.719 10.589 0.040
12.802 4.507 -0.015
1.535 -14.181 -0.036
20.718 -5.622 -0.015
8.531 -14.676 -0.048
25.521 -9.306 0.011
31.704 -3.655 -0.058
4.795 0.378 -0.029
13.336 6.754 -0.036
27.569 5.763 0.037
9.177 7.899 0.013
36.942 7.029 -0.024
10.889 7.537 0.025
25.903 -14.573 0.046
21.568 -4.102 0.029
36.640 12.513 0.023
31.666 -3.288 0.006
30.237 -13.900 -0.022
1.720 -14.999 -0.013
8.616 9.336 -0.009
38.913 -5.481 0.023
5.278 -5.519 0.004
31.251 9.159 0.022
39.761 9.415 0.044
6.534 -2.689 -0.038
39.378 6.695 0.003
32.813 -12.266 -0.031
0.121 10.894 -0.069
2.814 9.635 0.021
2.888 9.340 0.004
8.540 11.177 -0.025
1.119 -1.416 0.013
6.484 13.290 -0.061
33.523 -2.533 0.078
35.194 5.190 0.022
26.428 -6.283 -0.018
17.862 -12.470 0.003
27.066 -8.518 -0.016
29.233 -13.760 -0.062
20.739 1.433 -0.010
2.537 11.770 -0.009
0.234 13.741 -0.042
7.062 14.478 0.024
10.000 2.007 0.035
37.419 -14.881 0.012
27.700 -12.944 0.055
25.304 -3.760 0.014
21.571 10.649 -0.024
31.393 4.627 0.058
21.510 -6.979 0.012
39.894 3.354 0.014
36.403 0.171 -0.021
9.581 9.277 -0.042
25.636 -0.093 -0.000
24.723 -5.497 -0.010
39.080 9.036 0.014
28.692 -3.252 -0.027
37.770 -8.177 -0.040
18.243 -14.860 -0.032
28.221 7.040 -0.015
1.773 -1.825 -0.033
15.251 -1.768 0.025
14.227 10.849 0.004
36.562 -9.733 -0.035
14.863 -2.641 0.003
31.034 0.488 -0.023
5.637 -5.450 0.028
18.532 -14.296 0.007
17.211 9.854 -0.029
9.469 -5.249 -0.015
12.854 -7.047 0.011
0.416 -2.637 -0.035
24.881 10.700 -0.006
38.882 -12.890 0.041
11.437 -6.538 0.001
12.569 -13.368 -0.003
6.943 3.216 0.004
37.011 -9.168 0.000
38.379 -4.942 0.003
8.315 -9.768 -0.075
36.002 -11.013 -0.037
25.739 -1.294 -0.040
18.452 -10.781 -0.037
31.637 2.368 -0.035
28.406 9.943 0.057
30.242 11.303 0.005
9.237 12.841 0.003
6.587 -10.641 -0.017
34.596 -10.903 -0.026
5.596 6.509 -0.004
29.389 -2.111 0.014
17.512 -4.139 -0.006
26.894 -13.234 0.041
20.487 -1.007 0.019
38.229 -1.444 -0.074
31.500 14.733 0.075
35.702 13.905 -0.031
0.483 -7.233 0.005
25.606 4.245 0.023
3.505 -9.683 -0.030
11.146 -6.720 -0.035
37.320 -1.520 0.045
29.103 5.901 -0.033
30.310 -5.947 0.069
16.705 12.880 0.037
35.812 -3.702 -0.002
24.974 2.990 0.037
29.287 -7.016 0.043
4.860 12.407 -0.004
0.678 -3.811 -0.053
33.298 5.828 0.032
19.119 10.273 0.023
29.162 -4.792 -0.056
21.199 1.776 0.042
12.584 8.746 -0.019
6.387 0.964 -0.038
34.935 7.502 -0.027
8.427 0.739 0.033
0.072 11.385 0.051
15.543 -14.180 0.041
21.733 -14.529 0.007
30.664 -4.443 -0.009
6.206 8.340 0.018
20.791 -14.783 -0.005
12.154 -11.324 -0.001
3.313 -12.268 -0.005
31.095 12.332 0.001
17.426 13.856 -0.041
30.253 -12.566 -0.031
14.787 7.301 -0.004
39.952 -8.045 0.023
10.277 -10.950 -0.019
8.488 -12.659 0.047
31.446 5.355 0.048
22.973 0.697 -0.040
8.005 13.374 0.001
18.033 7.183 0.013
24.004 -5.487 -0.021
23.177 -10.882 0.070
0.372 7.019 -0.071
37.870 -7.733 -0.002
28.521 -14.897 -0.000
39.858 -2.763 -0.019
24.705 3.199 -0.017
9.484 -1.951 -0.040
14.843 8.851 0.001
34.524 4.767 0.040
28.264 14.152 -0.039
13.381 10.603 0.002
32.183 0.507 0.029
24.878 3.929 0.042
17.707 8.666 -0.014
8.458 7.193 0.029
10.924 -6.977 -0.056
18.184 12.741 0.032
27.796 13.374 -0.041
23.455 0.874 0.027
10.933 -0.585 0.033
39.514 -13.924 -0.001
7.008 14.937 -0.014
16.179 0.204 0.005
3.059 -3.693 0.002
17.937 -9.692 -0.009
21.878 -1.524 -0.008
22.456 10.030 -0.016
24.250 1.795 0.037
5.051 -9.303 0.007
29.644 10.651 -0.012
18.354 -8.201 0.032
33.639 10.345 -0.010
36.632 1.499 -0.005
36.645 -0.814 0.004
35.684 7.090 -0.009
23.287 1.520 0.025
21.413 -1.681 0.018
11.230 -3.914 0.064
18.322 5.103 0.001
11.390 -0.802 0.067
21.495 6.034 -0.032
37.806 13.898 0.002
24.985 -14.956 0.015
0.389 -9.900 -0.065
16.482 -14.054 0.035
32.930 13.965 0.001
10.157 -8.020 -0.042
30.021 -5.098 0.038
5.151 9.641 0.030
4.300 -7.480 -0.025
11.106 -13.742 0.008
14.251 -0.088 0.004
31.837 -9.433 -0.021
4.904 -10.949 0.029
31.022 -13.621 -0.044
26.805 0.047 0.025
1.563 13.301 -0.020
10.529 7.729 0.033
21.874 10.242 0.072
7.610 -8.433 0.038
18.992 -3.978 -0.032
28.626 8.742 0.021
27.092 -3.549 -0.009
15.231 7.431 0.027
29.802 12.996 0.049
12.831 12.358 -0.039
9.208 -4.147 -0.062
14.165 13.548 -0.011
2.922 9.182 -0.010
35.255 5.911 -0.033
5.593 5.011 0.004
19.269 9.743 -0.003
13.238 -1.032 0.005
18.377 -4.903 0.001
1.365 -7.151 -0.035
34.135 -4.365 0.047
17.891 -7.180 0.015
15.459 -11.627 -0.020
4.740 12.070 0.037
31.360 5.966 -0.026
4.467 7.188 -0.058
26.128 -13.869 0.006
16.388 13.793 -0.026
15.506 12.873 -0.035
7.307 -14.522 0.030
19.282 5.831 -0.008
14.743 -9.994 0.008
1.475 -3.013 0.037
29.992 -0.484 -0.034
38.819 -13.400 0.021
38.845 4.428 0.004
30.069 12.481 0.036
38.610 0.770 0.014
26.277 -9.241 0.008
8.528 -2.940 0.019
15.452 -4.803 -0.004
24.061 -6.025 -0.037
20.409 -9.056 -0.022
33.319 -11.178 -0.020
35.334 1.452 -0.009
15.742 12.097 -0.004
15.107 -13.756 -0.002
14.538 9.276 0.028
12.503 -5.161 -0.015
20.542 3.318 -0.015
11.546 -14.275 -0.000
1.445 -14.336 -0.007
9.254 8.999 -0.018
19.744 -9.214 0.036
14.533 -4.361 0.006
26.111 -2.548 0.045
36.054 9.750 0.016
26.746 -2.597 -0.007
21.914 8.203 0.042
20.991 -4.785 -0.016
24.641 -2.640 0.014
17.789 -9.506 0.043
5.630 4.563 0.031
38.469 9.447 -0.022
16.610 -10.789 0.006
28.157 5.670 0.008
37.809 -4.751 -0.006
9.803 3.170 -0.012
11.301 1.294 0.003
7.770 13.015 -0.060
27.324 -13.049 0.044
8.942 -0.839 0.037
9.452 -10.658 0.030
5.379 -12.578 0.027
23.982 5.471 -0.032
6.871 4.415 0.005
9.641 -11.001 0.098
25.960 2.678 -0.025
38.531 11.044 0.045
18.383 8.649 -0.014
0.033 -7.121 -0.050
22.385 -5.562 -0.008
0.733 9.301 0.031
16.281 3.311 -0.020
39.569 7.031 0.018
7.398 11.610 0.013
0.630 -14.083 0.031
15.093 -3.676 -0.010
22.459 -12.356 0.015
30.937 1.392 0.007
39.838 -10.778 0.011
39.700 2.335 0.015
5.128 -6.531 -0.036
38.114 6.904 -0.018
12.169 -2.680 0.028
13.851 3.034 0.038
24.297 -1.375 0.026
34.504 -7.363 0.029
21.096 13.956 0.011
28.449 -11.799 -0.011
33.433 4.744 0.038
9.120 -4.167 0.019
7.575 -3.760 0.008
6.853 -0.827 -0.004
2.085 2.017 0.009
6.160 -0.886 -0.040
13.524 5.504 -0.032
7.190 12.328 -0.003
25.746 -13.395 -0.049
23.487 -3.574 0.009
32.811 -11.552 -0.023
22.584 -6.814 -0.009
6.573 -10.504 0.019
18.427 -8.691 -0.031
38.384 -5.789 0.015
27.359 -14.998 -0.010
35.142 -6.276 0.023
33.650 8.178 0.031
11.933 12.972 0.060
11.431 -13.018 0.048
24.299 -11.123 0.005
20.155 -8.181 -0.044
26.290 -4.325 0.021
34.013 -5.219 0.052
13.265 -3.101 -0.006
36.346 8.788 -0.012
38.135 -10.799 -0.023
5.996 -8.314 0.014
26.463 -3.204 0.007
35.823 0.393 -0.016
7.029 10.289 -0.054
26.624 3.112 -0.016
27.835 -9.434 -0.009
28.916 3.670 0.016
3.746 3.793 -0.006
3.467 -13.949 0.002
36.232 -12.813 -0.013
1.328 -5.398 -0.013
13.988 -4.003 0.006
16.971 9.199 0.017
39.761 -12.141 -0.031
21.219 9.653 -0.051
38.481 5.052 0.015
20.603 -10.346 -0.002
35.771 12.631 0.040
1.616 6.387 0.025
34.321 11.281 0.017
33.510 10.661 -0.004
15.984 10.831 0.030
37.383 8.672 0.012
9.074 5.749 -0.014
6.011 7.636 -0.060
29.146 -13.211 -0.043
1.869 14.518 0.012
12.742 7.860 0.073
39.748 8.283 0.032
26.927 -0.182 -0.005
31.684 5.312 0.004
15.129 2.527 0.010
16.436 -4.027 -0.021
35.809 0.545 0.012
28.541 -10.918 -0.021
11.149 4.785 -0.011
17.058 12.741 0.032
15.361 -8.130 0.049
39.095 12.308 0.015
24.918 -7.012 -0.030
23.849 -11.128 0.007
11.436 3.337 -0.034
8.949 11.087 0.049
20.086 -8.170 -0.036
7.978 5.646 -0.013
27.590 12.640 -0.050
17.084 11.854 0.016
19.167 -4.768 -0.015
5.663 2.302 -0.037
33.506 -5.976 -0.035
34.709 5.167 -0.039
24.045 -9.864 -0.034
27.954 14.403 -0.008
8.522 1.546 -0.046
4.816 -14.786 -0.035
33.834 -4.099 -0.004
14.055 -8.065 0.024
16.276 -13.745 0.001
17.706 -4.800 0.063
38.744 10.623 0.031
36.314 5.134 0.023
22.761 7.544 0.073
14.601 -12.745 -0.015
0.775 8.011 0.047
21.524 1.130 -0.024
33.287 1.858 -0.030
36.692 -10.727 0.021
9.033 14.376 -0.023
24.484 8.889 -0.032
11.672 8.624 0.006
18.033 13.736 -0.025
38.098 -4.802 0.036
6.932 -3.504 0.072
37.771 0.864 0.048
1.511 -13.177 0.007
1.693 8.453 -0.017
14.277 0.663 -0.015
32.098 13.176 0.014
30.077 3.828 -0.060
33.933 -1.044 0.032
31.952 13.341 -0.058
17.058 -5.133 -0.021
17.875 1.720 -0.014
18.923 -11.797 0.009
18.890 -8.753 0.011
33.412 10.487 0.029
9.162 -11.712 -0.014
6.585 6.743 0.042
32.748 -9.086 -0.035
9.348 3.010 0.017
29.335 -9.573 -0.034
12.032 1.410 0.039
28.565 0.544 -0.020
35.340 -1.391 -0.005
28.441 -12.673 0.034
31.435 9.946 0.001
25.314 9.881 0.001
39.289 14.568 0.016
29.288 6.010 -0.053
33.070 9.145 -0.001
29.416 -3.089 -0.018
8.902 2.767 -0.022
15.436 6.849 -0.004
19.990 0.347 -0.033
29.994 13.999 -0.007
19.337 1.907 0.032
34.579 -13.861 0.007
15.761 -13.191 0.036
19.425 -10.795 0.010
2.314 -6.901 -0.018
33.857 8.375 -0.019
38.665 14.433 -0.035
8.617 -9.387 -0.021
37.095 -12.189 0.030
23.372 -5.545 -0.005
10.431 8.408 0.017
17.133 11.040 0.040
34.785 -7.294 -0.040
11.814 6.931 -0.015
33.122 3.363 -0.042
21.968 -0.696 0.026
33.518 -8.063 0.016
6.505 12.747 0.018
35.403 4.610 -0.005
14.374 -8.147 -0.000
1.121 -1.281 -0.001
16.999 6.068 0.040
13.632 5.445 -0.068
3.111 2.316 0.009
13.359 3.643 0.035
31.693 2.342 -0.027
25.480 8.464 0.001
20.951 6.575 0.013
9.772 -7.732 0.013
9.351 12.826 -0.052
34.659 3.952 0.000
0.364 -5.863 0.014
5.617 -0.198 -0.053
25.310 12.931 -0.003
39.784 -10.269 -0.021
1.009 -5.147 -0.000
4.329 -8.894 0.010
32.989 -10.104 -0.044
18.227 -7.608 0.030
31.203 3.333 -0.018
26.629 -12.982 0.005
18.842 4.278 -0.014
37.383 -13.459 0.032
17.464 -4.060 0.049
22.745 -9.748 -0.005
17.477 -0.461 -0.019
6.778 -0.682 0.031
26.523 7.212 0.036
14.153 5.408 0.017
0.227 -1.936 -0.021
18.178 14.264 -0.000
16.519 4.065 -0.013
4.921 0.414 0.038
18.659 8.942 0.013
0.876 0.309 0.048
16.068 13.913 0.014
9.044 1.078 0.037
2.351 7.956 0.056
4.885 -0.645 0.012
17.826 8.209 0.040
29.990 5.726 -0.043
33.137 5.319 -0.000
1.674 14.175 -0.017
22.358 -1.631 -0.034
2.219 -11.381 -0.021
6.017 7.845 0.012
33.800 -4.953 0.001
6.959 2.418 0.025
13.960 -4.926 -0.039
34.867 -14.398 -0.003
1.176 13.748 -0.006
23.710 -11.670 0.029
5.212 -13.608 -0.014
18.383 -11.053 0.002
8.106 13.304 0.012
19.850 13.179 -0.036
25.394 -9.908 0.006
14.727 11.578 -0.021
17.568 -2.412 0.000
39.474 -0.665 0.032
30.499 5.181 0.030
37.233 -13.290 -0.002
18.332 9.264 0.004
3.135 12.357 -0.003
15.564 6.372 -0.022
6.252 -14.089 0.044
2.313 5.269 -0.002
35.426 7.134 -0.012
16.450 10.601 0.020
10.255 5.514 -0.017
15.009 -12.967 0.036
4.052 6.038 -0.051
5.611 -9.972 -0.032
25.587 9.570 -0.023
24.517 -6.967 -0.003
2.145 -14.108 -0.014
1.294 -5.241 -0.007
30.598 -14.611 0.024
17.861 -9.074 -0.012
15.472 8.928 0.036
2.335 -0.001 0.012
32.897 -4.708 0.005
18.291 -10.764 -0.023
11.088 0.779 -0.001
0.065 -5.781 0.003
17.004 12.577 -0.011
32.270 8.557 -0.008
39.297 8.556 0.016
11.723 -6.407 0.046
14.802 14.174 -0.010
1.292 -8.348 -0.045
17.252 7.440 0.034
4.399 6.205 -0.035
23.913 8.365 0.024
17.975 8.810 0.015
7.313 5.818 0.001
12.774 -0.606 -0.004
6.247 5.332 -0.045
22.085 0.944 0.042
0.391 -9.018 -0.014
5.868 -8.756 0.032
2.303 11.277 -0.013
36.791 -0.598 -0.002
36.712 1.278 -0.044
22.724 -3.147 0.002
9.087 13.231 -0.061
22.009 -9.567 -0.019
12.180 8.575 0.057
11.712 14.800 0.002
18.356 -4.079 -0.029
35.480 1.357 0.014
20.361 -14.588 -0.012
37.673 8.206 0.000
22.232 -14.423 -0.029
1.328 -4.595 0.009
37.703 -1.699 -0.018
20.873 10.132 0.017
34.099 -13.205 0.003
39.876 -1.891 -0.024
6.403 12.141 -0.021
26.271 5.939 0.002
22.930 -10.966 -0.036
0.957 1.949 0.004
26.356 11.473 0.028
28.987 -14.868 0.038
10.596 5.605 -0.048
15.569 10.535 0.007
20.816 5.515 0.036
2.318 1.242 0.055
35.664 -2.997 -0.034
3.024 -0.998 -0.021
13.266 -4.501 0.008
24.504 -1.043 0.053
24.469 7.317 0.002
34.623 13.915 0.002
7.913 -9.323 0.008
26.731 -11.130 0.060
5.156 -8.485 -0.076
28.081 -5.144 0.016
22.767 -12.361 -0.032
34.983 -5.626 -0.002
34.353 -2.525 0.024
0.128 6.468 0.034
9.688 -1.755 -0.015
24.468 -6.534 -0.028
13.754 7.536 0.015
0.962 4.540 -0.010
33.708 -3.817 -0.011
38.433 -8.902 0.019
7.809 4.682 0.018
7.978 12.251 0.059
29.848 -6.729 -0.001
16.839 -8.899 -0.018
38.805 11.053 -0.012
14.483 14.329 0.019
21.955 11.623 0.052
29.973 4.528 -0.012
17.776 -10.081 -0.039
35.839 -13.531 0.015
15.003 7.160 -0.003
16.360 3.138 0.001
36.498 -8.672 -0.009
12.630 -1.861 0.037
39.511 12.298 0.020
33.284 9.104 0.028
1.295 9.762 -0.038
37.199 -6.313 0.026
5.707 8.859 0.065
1.383 8.924 0.009
28.562 -4.717 -0.001
22.635 9.674 -0.007
39.069 -10.337 -0.001
26.464 14.059 -0.011
16.197 14.376 -0.000
17.164 -14.039 0.013
23.726 -13.014 -0.040
19.060 -10.041 0.005
19.666 -14.353 0.002
38.218 -4.350 0.012
24.842 -10.897 0.000
21.291 -4.662 -0.016
34.594 -6.409 0.027
21.100 3.090 -0.008
19.173 5.010 -0.040
1.723 -10.235 -0.026
37.886 9.714 0.007
5.419 -4.090 -0.035
16.656 -1.864 0.041
2.053 12.556 0.028
21.325 -9.869 -0.024
6.916 -4.540 -0.026
23.666 -8.669 0.004
35.910 -6.352 0.009
4.050 0.672 0.031
15.931 -2.534 0.037
36.872 14.195 0.041
1.956 -8.001 -0.021
10.604 -3.170 -0.017
10.475 -7.316 -0.008
34.638 -4.987 -0.003
20.631 -13.583 -0.046
36.058 -13.166 -0.036
35.938 -2.202 0.006
28.566 -11.943 0.005
11.098 -13.862 0.011
32.428 2.612 0.049
6.584 -11.059 0.029
21.734 -1.463 -0.015
37.034 8.739 -0.003
37.544 5.486 -0.006
28.812 5.931 0.015
0.035 1.416 -0.023
21.768 8.564 0.003
37.908 -0.167 -0.061
34.565 5.004 0.018
1.262 3.537 0.031
7.050 11.577 -0.015
11.475 -10.292 0.030
19.681 -7.043 -0.004
33.298 3.881 -0.027
30.228 -12.227 -0.022
28.123 -10.743 -0.018
22.821 -13.344 0.008
37.166 13.317 -0.015
21.541 7.117 0.020
12.988 -1.215 0.015
21.771 -13.284 -0.016
7.426 3.579 -0.006
21.542 2.526 -0.029
37.959 -2.677 -0.009
3.977 11.289 -0.005
1.760 12.959 0.032
9.814 3.146 -0.042
18.742 3.136 0.003
8.366 14.585 0.021
0.276 6.497 0.015
5.240 1.971 0.004
22.263 -6.038 0.008
11.675 2.072 -0.041
36.655 14.363 0.001
23.343 6.842 0.027
39.752 11.774 0.016
16.450 2.890 0.038
8.521 5.351 0.039
29.174 -4.005 -0.024
26.023 -14.311 0.004
27.802 10.258 -0.030
21.281 -0.819 0.017
31.825 -7.829 -0.035
7.722 4.142 0.001
36.579 11.471 -0.001
19.042 3.363 0.024
32.403 12.714 -0.028
30.969 -5.728 -0.019
29.561 -14.588 -0.018
37.999 9.958 -0.030
30.402 -1.085 -0.063
26.227 8.461 -0.050
23.985 -3.859 0.017
14.439 -14.402 -0.012
28.428 -2.066 0.007
36.374 10.163 -0.025
1.195 14.993 -0.021
21.967 6.485 -0.016
18.586 -8.993 0.026
30.752 4.309 0.036
12.183 -14.597 -0.029
9.474 -5.930 0.045
34.104 14.669 0.006
32.663 -7.524 0.035
9.116 3.641 -0.004
38.978 -6.484 -0.030
6.211 -2.020 -0.032
28.639 -14.327 -0.036
4.856 14.070 0.048
2.715 -11.267 -0.049
19.592 -2.672 1.401
18.812 -2.401 0.015
21.734 -2.332 0.142
19.559 -2.277 0.363
20.110 -3.146 1.279
20.603 -3.431 0.317
19.106 -2.216 0.850
21.229 -2.680 0.012
18.961 -2.834 1.371
18.781 -2.325 0.325
19.027 -3.003 0.700
18.608 -2.667 1.048
20.825 -2.374 1.142
19.329 -3.458 0.327
20.464 -2.403 0.004
19.995 -2.392 1.082
21.945 -3.087 1.463
21.350 -2.175 1.223
21.048 -3.099 1.274
18.789 -3.114 1.391
19.675 -3.109 0.658
19.898 -2.188 0.137
20.285 -3.115 0.791
19.954 -2.464 1.259
20.554 -3.642 0.356
21.901 -3.535 0.848
21.379 -3.875 1.066
20.543 -3.465 1.093
20.122 -2.963 0.757
21.049 -2.739 1.300
20.030 -3.721 0.843
19.340 -3.465 0.848
18.680 -2.753 0.163
21.026 -2.161 1.302
21.553 -3.052 1.385
20.806 -3.815 0.554
19.933 -3.495 0.285
19.842 -2.172 0.653
20.320 -3.010 1.433
20.060 -2.898 0.846
19.957 -3.407 1.275
19.619 -2.558 0.690
18.728 -2.373 0.352
21.093 -2.733 1.193
18.963 -2.996 0.427
19.344 -3.836 0.060
19.059 -3.679 1.469
18.279 -2.918 0.235
20.364 -3.653 0.866
20.594 -3.528 0.692
19.304 -3.093 0.779
19.990 -2.327 1.255
21.148 -2.986 0.448
18.495 -3.883 0.792
19.241 -2.428 1.104
19.865 -2.455 0.610
19.608 -2.578 0.525
18.408 -3.180 0.866
18.199 -2.992 1.468
20.818 -3.310 1.081
20.143 -3.860 0.858
20.973 -3.712 0.920
19.962 -2.799 0.981
18.210 -3.602 1.273
20.684 -2.272 1.221
19.615 -2.542 0.340
20.239 -2.540 1.271
22.095 -2.132 0.700
19.037 -2.293 0.134
22.017 -2.694 1.080
18.291 -2.541 0.771
20.881 -2.527 0.302
20.345 -2.386 0.224
17.976 -3.011 0.483
19.547 -3.779 0.086
18.963 -3.352 0.819
21.745 -2.157 0.030
18.623 -2.661 1.500
18.632 -2.291 0.803
18.954 -3.440 1.367
20.179 -2.399 0.128
18.918 -3.760 1.212
20.510 -2.991 0.915
20.740 -3.459 0.375
20.793 -3.512 0.482
19.349 -2.156 0.735
17.985 -3.000 0.980
20.627 -2.792 0.120
20.164 -2.883 0.108
17.904 -3.674 0.166
21.370 -2.467 0.646
18.362 -3.580 0.665
20.482 -2.759 1.243
20.269 -2.341 1.303
21.145 -2.452 0.316
19.305 -2.120 0.073
18.182 -3.503 1.417
21.091 -3.802 1.139
18.070 -2.242 0.935
18.620 -3.450 1.182
20.871 -2.994 0.604
19.597 -2.935 0.706
21.500 -3.219 0.245
18.251 -3.650 1.399
21.559 -2.577 1.134
20.164 -2.318 0.112
19.047 -3.362 1.394
19.884 -3.129 0.848
21.721 -2.993 0.685
18.502 -3.403 0.317
18.916 -3.070 0.200
19.647 -3.831 0.817
20.323 -3.442 0.087
18.318 -3.657 1.014
17.964 -2.877 0.858
20.874 -3.312 1.124
17.977 -3.219 1.011
21.421 -3.426 0.532
18.803 -3.166 0.110
21.028 -2.358 0.076
18.888 -2.479 0.450
18.706 -2.273 1.166
18.919 -3.736 1.194
20.605 -3.485 1.057
21.939 -2.838 0.076
19.031 -3.817 0.300
21.943 -3.256 0.794
21.316 -3.741 0.289
18.716 -2.106 1.471
18.467 -2.165 0.790
18.743 -3.077 0.939
21.068 -2.886 0.700
20.811 -2.215 0.822
20.316 -3.781 1.281
21.383 -3.703 0.139
21.851 -2.343 1.314
18.134 -2.947 0.315
20.136 -3.803 1.125
21.985 -2.938 0.394
21.801 -2.270 1.344
20.162 -3.469 1.445
21.620 -3.274 0.303
19.259 -3.207 1.402
20.215 -3.843 0.604
18.793 -3.796 0.680
19.166 -2.859 0.278
19.736 -3.091 0.548
19.459 -3.333 0.477
19.545 -2.884 0.216
20.121 -3.497 0.821
21.380 -2.774 0.652
18.029 -2.677 1.296
18.839 -3.753 0.170
19.307 -3.677 0.954
19.486 -2.414 1.255
21.093 -2.645 0.391
18.408 -3.492 0.404
18.437 -3.396 0.163
17.998 -2.220 0.607
22.017 -2.508 0.307
18.056 -3.168 0.473
20.374 -3.544 1.360
18.044 -2.616 1.247
18.504 -2.141 0.829
20.615 -3.264 0.279
19.979 -3.358 0.607
17.901 -3.708 0.642
19.996 -3.395 0.038
18.706 -2.487 1.175
20.333 -3.103 0.734
18.252 -3.331 0.572
18.836 -3.404 0.624
20.321 -3.043 0.367
21.265 -2.939 0.737
18.273 -2.504 1.242
19.336 -2.701 1.288
21.342 -3.259 0.080
19.267 -2.219 1.037
18.464 -3.875 0.628
19.943 -2.916 0.162
18.796 -3.375 1.434
20.456 -3.666 1.454
20.606 -2.840 0.807
19.905 -3.626 0.985
18.544 -2.811 0.074
21.357 -2.980 0.536
19.717 -3.517 0.518
20.532 -2.920 0.298
19.752 -3.359 1.211
19.913 -2.202 0.168
20.345 -2.125 0.110
18.452 -2.800 0.088
19.358 -3.264 0.477
21.693 -3.329 0.592
21.881 -3.843 0.095
20.809 -2.453 0.547
19.267 -2.343 0.493
21.314 -2.929 0.685
20.115 -3.670 1.055
18.401 -3.548 1.465
18.217 -3.328 0.167
20.745 -3.563 0.550
20.667 -2.577 0.742
21.325 -3.701 0.155
21.100 -3.554 1.490
21.224 -2.279 0.820
20.453 -3.894 1.443
18.290 -3.539 0.245
19.543 -3.729 0.177
18.449 -3.878 1.060
19.586 -2.906 0.613
19.081 -2.955 0.016
19.766 -3.712 0.301
21.846 -3.194 1.419
19.215 -2.147 0.048
18.588 -2.271 1.194
20.608 -3.597 0.857
19.199 -3.856 0.103
20.701 -3.638 0.439
18.108 -3.518 0.038
18.028 -3.434 0.068
18.839 -2.280 0.836
19.329 -3.479 0.255
20.568 -2.772 1.054
19.884 -2.235 1.468
18.011 -3.070 1.025
20.665 -2.681 1.103
18.509 -2.246 1.244
20.063 -3.042 0.772
19.213 -3.446 0.192
18.136 -3.583 0.092
19.916 -3.020 0.896
21.829 -2.531 1.297
20.526 -2.993 0.128
18.796 -3.705 0.651
19.228 -2.670 0.624
19.930 -3.791 0.882
20.042 -3.132 0.960
20.255 -3.613 0.273
19.204 -2.777 0.477
19.633 -2.384 0.071
17.980 -2.448 0.254
20.172 -3.793 0.101
18.909 -2.299 0.667
19.351 -3.209 0.244
21.063 -2.791 0.247
21.005 -3.667 0.062
21.477 -3.661 0.530
20.760 -2.542 0.436
17.990 -3.892 0.529
21.219 -3.239 0.641
20.324 -2.799 0.823
18.151 -3.344 0.733
19.293 -3.331 0.441
20.563 -3.272 1.492
20.001 -2.827 1.436
21.571 -2.688 1.002
18.257 -3.002 0.644
20.853 -3.648 0.176
19.681 -3.317 1.032
19.002 -3.598 1.101
20.414 -3.146 0.084
22.051 -2.899 0.469
18.968 -2.736 1.266
19.835 -3.293 0.013
19.686 -3.427 0.122
21.420 -2.554 0.673
21.193 -3.276 1.264
18.565 -2.784 1.397
18.661 -3.187 0.931
19.578 -2.941 0.957
21.064 -3.499 0.599
21.283 -3.798 0.450
18.591 -3.116 1.325
18.529 -2.970 1.121
21.051 -2.558 1.295
18.049 -3.206 0.686
22.078 -3.166 0.909
20.502 -2.483 0.130
18.433 -2.665 0.892
18.250 -2.489 0.881
18.707 -2.324 0.115
19.714 -3.410 1.365
19.129 -3.645 0.578
18.558 -3.190 0.068
21.161 -3.634 1.464
20.916 -3.049 1.028
21.410 -2.955 0.979
18.847 -2.751 0.120
19.313 -3.641 0.594
19.662 -2.417 0.915
21.289 -3.334 0.216
21.781 -2.215 0.832
19.902 -2.374 0.988
20.773 -3.786 0.701
20.780 -2.622 1.486
19.717 -2.913 0.335
19.921 -3.321 0.246
18.550 -3.218 0.789
20.459 -3.801 0.630
18.637 -3.392 0.997
19.496 -3.186 1.147
19.965 -2.352 0.027
22.002 -3.856 0.966
20.308 -2.213 1.390
21.931 -3.361 0.329
19.903 -3.203 0.118
19.994 -2.373 1.221
19.228 -2.782 1.367
22.010 -3.398 0.384
18.357 -2.921 0.321
20.748 -3.597 0.925
20.927 -3.892 0.885
17.984 -2.800 0.385
19.267 -3.848 0.265
21.416 -3.895 1.346
21.513 -2.560 0.836
18.341 -3.307 1.282
21.143 -2.543 1.299
19.213 -3.587 0.991
19.889 -3.150 0.565
18.907 -2.151 1.477
21.135 -3.392 0.215
18.748 -2.918 1.049
21.075 -3.023 1.218
18.239 -3.827 0.311
19.036 -3.232 0.257
20.234 -2.663 1.097
20.129 -2.516 0.177
21.010 -3.860 0.070
19.395 -3.743 0.158
21.162 -2.778 1.242
19.832 -3.837 0.597
20.893 -3.889 0.839
19.843 -3.401 0.766
21.462 -3.017 0.446
20.998 -2.625 0.040
20.922 -2.816 0.999
19.874 -3.635 1.121
19.037 -2.279 1.177
18.797 -2.469 1.093
19.955 -3.228 0.457
20.209 -3.719 0.139
20.497 -3.836 1.027
21.755 -3.891 1.051
19.085 -2.449 0.603
20.029 -2.601 1.151
20.260 -3.374 0.796
18.716 -2.639 1.431
18.216 -3.777 0.954
21.407 -3.459 0.465
20.418 -2.296 0.031
18.058 -2.464 0.538
18.667 -2.854 0.693
20.750 -3.428 1.041
19.963 -2.902 1.377
20.987 -2.592 0.278
21.826 -3.430 0.765
20.213 -3.009 0.349
20.167 -3.037 1.254
18.936 -3.877 0.337
18.129 -2.695 1.197
21.521 -3.252 0.151
20.428 -3.068 0.868
20.418 -2.348 0.929
20.606 -3.585 0.830
18.751 -3.277 1.349
19.681 -2.274 1.485
21.604 -2.916 1.146
17.944 -3.424 1.491
18.570 -2.243 0.082
21.550 -2.180 0.118
18.114 -2.866 0.522
21.400 -3.029 0.737
18.432 -3.668 1.260
18.189 -2.647 0.164
19.651 -2.770 0.276
20.148 -3.248 1.163
18.634 -2.624 0.237
19.319 -2.798 0.549
20.181 -2.377 1.057
20.229 -2.529 0.662
19.165 -3.318 0.076
21.304 -3.506 0.947
17.917 -2.623 0.271
22.061 -2.408 1.168
19.767 -2.546 0.626
21.311 -3.669 0.606
19.631 -2.419 0.825
19.413 -2.218 1.163
20.430 -3.449 1.290
19.649 -2.820 0.694
21.811 -2.683 1.343
21.058 -3.684 0.313
18.681 -2.789 0.755
20.055 -3.780 0.166
21.442 -2.420 0.123
22.017 -3.296 0.263
18.774 -2.948 0.514
18.746 -3.591 1.381
20.202 -2.179 0.297
19.692 -3.021 1.335
20.584 -2.182 0.404
21.335 -3.742 0.743
20.905 -3.871 0.983
19.609 -3.012 0.094
19.376 -3.078 0.832
20.785 -2.295 0.237
19.661 -2.380 1.159
20.935 -2.230 0.504
19.778 -2.202 1.195
20.270 -2.659 0.404
20.962 -3.616 1.138
18.670 -2.877 1.187
20.885 -3.221 0.291
19.369 -2.176 1.153
20.915 -3.890 1.149
20.015 -2.550 0.954
20.781 -2.344 1.302
19.509 -3.694 0.776
21.663 -2.291 0.439
18.210 -2.738 0.584
18.316 -2.515 0.338
20.781 -3.433 0.153
18.655 -3.792 1.491
18.710 -2.654 0.134
21.787 -2.990 1.174
18.814 -2.534 0.724
20.501 -2.943 0.050
19.229 -3.013 0.493
18.359 -3.350 0.376
20.660 -2.350 1.270
21.692 -3.892 1.482
21.620 -2.191 0.163
19.622 -2.264 0.240
18.323 -2.574 1.402
21.803 -3.672 1.396
18.504 -3.296 0.989
20.014 -2.192 0.534
19.268 -3.237 0.559
19.108 -3.619 0.481
21.630 -2.756 1.122
20.625 -2.893 0.466
18.964 -2.464 1.231
21.049 -2.503 1.403
21.752 -2.769 0.898
21.862 -2.315 0.430
20.504 -3.108 1.284
18.437 -2.451 0.454
19.604 -3.399 1.217
21.280 -2.251 0.154
18.066 -2.783 1.044
22.023 -3.555 0.675
19.617 -2.964 0.958
19.987 -2.816 0.260
18.237 -2.127 0.288
21.776 -3.200 0.336
18.191 -3.160 0.738
19.831 -3.312 0.373
20.775 -2.837 0.929
21.620 -3.620 0.404
19.944 -3.607 1.019
20.388 -2.676 0.593
20.296 -2.353 1.366
20.269 -3.389 0.286
19.723 -2.882 0.211
20.128 -3.040 1.126
21.975 -3.529 0.471
20.663 -3.227 1.107
21.846 -3.851 0.837
20.766 -2.932 0.398
20.659 -3.851 0.778
18.687 -2.954 1.477
19.980 -3.458 1.391
20.181 -3.021 0.062
17.912 -2.887 0.455
19.715 -2.830 0.702
19.126 -3.709 0.300
22.012 -3.318 1.152
21.278 -3.819 0.680
21.086 -2.215 0.135
21.080 -3.343 0.741
17.955 -2.195 0.649
20.568 -2.378 1.474
20.338 -3.720 1.365
21.177 -3.149 0.965
18.525 -3.565 0.459
20.083 -3.319 0.587
19.440 -2.229 0.276
18.314 -3.034 0.652
20.635 -3.724 0.275
20.275 -2.973 0.247
18.362 -3.527 0.815
20.526 -3.155 0.519
19.411 -3.350 0.836
18.297 -3.391 0.922
20.127 -3.112 1.493
18.593 -3.333 0.954
20.762 -3.363 0.871
20.834 -2.894 1.319
20.910 -3.699 0.664
18.547 -3.579 1.180
19.535 -3.362 0.784
20.009 -2.614 0.326
21.336 -2.219 1.234
20.003 -2.263 1.394
20.690 -3.764 1.250
18.322 -3.166 0.073
20.881 -3.588 0.593
17.952 -2.603 1.041
18.906 -2.737 0.905
20.652 -2.699 1.285
21.274 -2.554 0.359
19.197 -3.486 0.608
21.209 -2.765 0.999
19.685 -2.792 0.304
18.774 -3.605 0.345
20.973 -2.209 1.438
21.801 -3.230 0.497
20.724 -2.826 0.406
17.918 -3.751 0.258
18.564 -3.323 0.664
18.677 -3.722 0.950
19.734 -3.241 0.336
19.283 -2.843 0.360
18.343 -2.471 0.109
21.725 -3.259 0.451
18.039 -3.790 0.017
18.168 -3.486 0.226
21.907 -3.733 1.441
20.258 -2.854 0.163
20.046 -3.577 0.722
22.068 -2.755 1.299
18.221 -3.239 1.407
22.020 -3.420 0.105
20.874 -2.706 0.253
18.762 -2.446 1.465
18.717 -3.456 0.589
20.681 -3.644 1.280
20.385 -3.033 1.097
20.574 -2.236 0.973
20.870 -3.700 0.041
20.893 -3.709 1.199
20.911 -2.777 1.324
18.175 -3.166 0.512
19.093 -3.806 0.560
21.465 -2.861 1.203
18.198 -2.750 1.149
18.546 -2.254 0.549
19.240 -2.710 0.229
21.633 -3.245 0.586
20.964 -3.466 1.307
18.240 -3.200 1.301
19.906 -2.147 0.228
21.635 -3.568 0.656
19.868 -3.073 1.357
19.686 -2.402 0.094
20.238 -2.751 1.080
21.731 -3.647 0.547
21.859 -2.567 0.238
21.847 -2.947 0.638
20.877 -2.549 1.013
19.144 -3.843 1.167
21.563 -3.132 0.822
18.218 -2.752 1.387
19.383 -2.641 0.952
20.262 -3.400 0.720
21.755 -3.427 0.681
18.358 -2.941 1.174
21.605 -3.217 1.065
21.747 -2.768 0.443
19.567 -2.240 0.383
17.951 -2.276 1.405
20.887 -3.812 1.241
20.298 -2.914 1.103
20.692 -2.278 1.249
21.577 -3.614 0.916
19.904 -3.556 0.812
20.271 -3.857 0.302
20.282 -3.318 1.214
19.866 -3.082 0.178
21.981 -2.912 0.765
21.108 -2.497 0.362
18.293 -3.622 0.525
21.125 -3.591 1.000
20.958 -3.275 1.395
18.540 -2.661 0.316
21.640 -2.655 1.012
20.357 -3.654 0.375
21.522 -3.343 0.260
19.866 -2.199 0.869
18.753 -3.405 1.232
21.805 -3.648 0.964
20.426 -3.555 1.295
19.214 -2.940 1.105
19.257 -3.206 0.166
21.653 -3.183 0.279
21.145 -3.275 1.082
20.196 -2.821 0.010
19.697 -2.296 0.335
19.749 -3.275 0.649
20.020 -3.431 1.025
18.003 -3.139 0.328
21.390 -2.759 0.040
19.555 -2.131 1.267
20.125 -2.792 1.263
19.504 -3.179 1.399
20.078 -3.528 0.525
19.983 -2.827 1.177
20.129 -2.118 1.082
21.585 -2.564 0.274
20.693 -3.105 1.428
21.472 -2.513 0.168
19.638 -3.196 1.167
17.920 -2.874 1.385
18.978 -2.201 1.147
20.593 -3.730 1.100
20.613 -2.214 1.140
21.504 -3.724 0.296
21.976 -2.892 0.591
18.054 -2.422 0.057
18.994 -3.710 0.447
17.943 -3.612 0.312
19.360 -2.503 0.926
22.060 -2.996 1.422
19.287 -2.724 1.150
19.753 -2.295 1.430
19.995 -3.845 1.459
21.619 -3.358 0.874
20.654 -2.434 0.829
18.461 -3.674 0.753
21.953 -3.736 0.270
19.955 -2.155 0.217
21.168 -2.252 0.943
19.874 -2.727 0.255
19.096 -3.392 1.163
18.457 -2.713 1.419
21.124 -3.829 0.386
18.983 -2.336 0.407
20.630 -2.683 1.252
19.188 -2.601 1.227
18.230 -2.667 0.238
20.532 -3.676 1.092
18.577 -3.395 1.129
19.668 -2.315 1.307
19.548 -3.820 1.258
18.999 -2.967 1.343
20.246 -2.689 0.061
21.113 -2.937 1.481
18.449 -3.668 0.498
21.779 -2.244 0.633
17.937 -3.208 1.458
19.195 -2.941 0.814
18.256 -3.888 0.460
21.381 -3.483 1.149
18.933 -3.151 0.799
18.471 -2.813 0.897
20.808 -3.113 0.740
21.560 -2.931 0.767
20.575 -3.524 0.284
19.891 -2.417 1.350
20.354 -3.169 1.159
19.845 -3.159 0.540
21.545 -2.348 1.465
20.275 -3.158 0.292
21.578 -2.363 0.678
19.592 -2.533 1.219
18.762 -3.897 0.441
19.893 -2.270 0.775
19.284 -3.411 0.349
21.909 -3.688 0.453
21.460 -3.811 0.897
17.955 -2.977 1.036
21.369 -2.759 1.212
21.251 -3.801 1.340
20.908 -2.907 0.941
21.214 -2.634 0.430
22.090 -2.370 1.249
18.248 -3.731 0.959
18.896 -2.838 0.135
21.352 -2.619 0.522
18.733 -2.114 0.338
20.012 -2.916 0.240
19.053 -2.418 1.237
21.293 -2.122 0.206
21.615 -2.402 0.116
19.596 -3.683 0.203
20.937 -3.249 0.192
21.472 -2.757 0.672
21.535 -3.064 1.169
18.681 -3.230 0.786
20.539 -2.235 1.320
18.159 -2.770 0.669
19.578 -2.570 1.025
20.799 -3.595 0.716
21.725 -2.664 1.394
20.312 -2.646 1.421
20.778 -3.210 1.367
19.265 -2.605 1.019
20.258 -2.646 0.716
18.160 -3.140 0.016
18.197 -3.011 0.763
18.006 -3.886 0.707
19.154 -2.920 1.379
19.263 -3.894 1.133
18.574 -3.548 1.030
21.775 -3.695 0.625
20.805 -3.146 0.273
20.082 -2.362 1.262
19.177 -2.214 1.394
19.790 -2.755 1.114
19.334 -2.128 0.016
18.955 -2.909 1.173
21.713 -2.360 0.539
19.135 -2.193 1.178
19.611 -2.369 0.918
19.157 -2.763 0.589
19.987 -3.550 0.769
18.813 -2.901 0.229
19.406 -3.782 1.399
19.008 -3.012 0.703
18.707 -3.248 0.095
18.209 -3.771 0.882
19.733 -2.223 0.820
21.026 -3.331 0.994
19.020 -3.544 0.540
18.095 -2.212 0.789
19.119 -3.897 0.150
22.033 -2.710 1.043
20.860 -2.648 0.783
18.962 -2.834 1.152
21.843 -3.429 0.485
20.643 -2.422 1.035
21.957 -3.310 0.267
19.321 -3.859 1.207
22.074 -3.892 1.493
21.549 -2.668 1.397
21.553 -2.684 1.048
21.284 -3.456 0.290
21.373 -2.904 0.014
21.693 -2.659 0.358
20.383 -3.180 0.151
20.482 -3.853 1.393
21.417 -3.763 0.745
18.128 -3.697 0.742
19.395 -2.299 1.143
21.312 -3.361 1.295
19.734 -2.241 1.124
20.744 -3.302 0.496
20.105 -3.417 0.289
20.643 -3.625 0.362
18.077 -2.889 1.048
20.916 -3.167 0.566
20.595 -2.205 0.032
18.173 -2.555 0.609
19.443 -3.543 0.929
17.969 -2.985 0.050
19.914 -2.142 1.270
21.726 -3.770 0.510
21.545 -2.134 1.031
19.381 -3.291 0.429
20.171 -2.530 1.416
21.517 -3.617 1.345
18.545 -2.490 0.569
21.710 -3.400 0.135
19.844 -3.529 1.322
19.494 -3.846 0.503
19.916 -3.374 1.212
19.478 -2.370 0.733
19.991 -2.482 1.228
21.277 -2.133 0.317
18.529 -2.463 0.880
22.085 -3.332 1.491
20.245 -2.868 0.281
21.356 -3.783 0.958
19.979 -3.559 1.446
20.605 -2.939 1.453
18.407 -3.019 1.445
20.015 -3.893 0.988
18.328 -3.291 1.296
17.988 -3.217 0.603
18.481 -3.321 0.417
21.811 -3.297 0.154
19.210 -3.386 0.425
18.350 -2.625 1.454
18.518 -2.160 1.450
19.259 -3.897 1.198
21.793 -2.805 0.944
21.805 -3.592 1.343
19.976 -3.082 1.426
21.168 -2.567 0.846
18.898 -2.171 0.831
20.715 -3.495 0.176
19.059 -2.891 0.966
18.448 -3.379 0.184
20.737 -3.224 1.156
20.875 -3.368 1.184
19.070 -2.882 0.880
20.014 -3.540 0.562
20.455 -3.825 1.197
18.723 -3.124 1.102
18.110 -2.203 0.704
18.257 -2.348 0.608
19.268 -3.894 1.367
19.586 -3.708 0.704
19.772 -3.529 0.565
22.089 -3.410 1.182
20.224 -2.767 1.214
18.554 -3.548 0.218
20.124 -3.377 1.172
18.427 -2.737 0.992
21.110 -2.306 0.405
20.576 -3.053 0.408
19.257 -3.445 0.382
21.876 -2.691 0.098
18.789 -2.967 0.827
18.942 -3.026 0.060
20.649 -3.574 0.292
20.011 -2.642 1.093
20.524 -3.564 0.501
21.792 -2.257 0.811
18.682 -2.671 0.930
20.329 -2.830 1.221
18.379 -3.079 0.439
18.965 -3.105 0.831
18.276 -2.488 0.472
18.997 -3.248 0.248
22.071 -3.631 0.006
20.755 -3.687 0.713
20.601 -3.595 0.832
20.822 -2.475 1.466
18.776 -2.127 1.450
22.036 -2.424 0.037
20.158 -3.592 1.016
20.076 -2.507 0.218
20.918 -2.753 0.355
19.023 -2.968 0.414
21.578 -2.364 0.312
20.016 -3.494 0.404
21.067 -2.672 1.074
20.214 -3.383 0.470
20.227 -2.425 1.377
19.111 -3.188 0.357
19.645 -3.798 0.706
19.654 -2.997 1.315
19.987 -3.772 0.924
21.831 -3.074 0.421
20.612 -3.414 1.217
19.861 -2.184 1.240
19.317 -3.567 1.110
18.822 -2.776 1.489
21.370 -3.628 0.852
20.148 -2.192 1.158
21.875 -2.792 0.411
21.403 -3.791 1.397
19.372 -3.379 1.251
21.153 -3.483 0.565
19.119 -2.939 1.492
19.084 -3.870 0.967
20.967 -3.705 0.177
18.466 -2.883 1.474
21.818 -2.829 1.141
21.930 -3.267 0.420
17.917 -2.210 0.577
21.112 -2.179 0.451
20.767 -2.232 0.656
20.507 -3.525 0.109
19.500 -3.261 0.148
18.421 -3.546 1.296
21.666 -2.210 0.373
20.113 -2.138 1.172
19.529 -3.227 0.286
20.254 -3.180 0.137
20.932 -3.151 0.876
20.667 -3.433 0.597
21.349 -2.393 0.246
18.662 -2.337 0.820
19.541 -3.156 1.179
18.602 -2.198 0.832
17.920 -2.719 0.530
19.736 -3.169 1.304
18.139 -2.557 1.158
20.712 -3.319 1.196
19.364 -2.214 0.305
17.900 -3.718 0.959
18.153 -3.791 0.807
19.649 -3.181 0.530
19.629 -3.798 1.165
20.439 -3.797 1.489
20.127 -2.947 1.397
21.691 -2.770 0.384
18.003 -3.211 1.283
19.001 -3.742 0.974
18.443 -2.747 1.060
19.597 -2.114 0.536
18.270 -3.185 0.035
19.109 -2.852 0.921
19.014 -2.661 1.226
20.231 -3.785 0.680
22.001 -2.784 0.396
20.048 -2.657 1.140
18.928 -2.622 0.911
21.665 -3.771 0.515
21.539 -3.677 1.130
20.551 -3.303 0.711
19.241 -3.874 0.474
21.039 -2.954 0.828
20.114 -2.735 0.953
20.789 -2.639 0.688
19.552 -3.173 1.384
20.574 -3.170 0.903
19.327 -2.653 1.449
18.384 -2.770 0.849
19.871 -2.933 0.670
22.037 -3.011 1.426
22.071 -2.198 0.155
19.138 -2.876 0.390
21.297 -2.767 1.008
19.136 -2.271 0.907
19.371 -2.239 1.037
21.393 -2.788 1.055
19.851 -3.158 0.587
19.172 -2.835 1.353
20.018 -2.810 1.267
18.650 -2.190 0.997
18.632 -3.809 0.051
20.277 -2.258 0.378
17.944 -3.392 0.014
20.056 -3.813 1.289
22.028 -2.929 0.883
19.841 -2.406 1.061
21.070 -2.941 0.989
21.344 -3.343 0.406
18.884 -2.618 0.801
17.930 -3.578 0.455
19.019 -3.516 0.643
20.066 -3.556 1.386
18.863 -2.333 0.297
18.339 -2.357 1.194
18.058 -2.244 0.624
19.802 -3.263 0.456
17.919 -2.851 1.495
20.429 -2.333 0.818
20.380 -3.654 1.175
19.848 -3.229 0.905
20.313 -2.352 1.390
19.843 -3.390 0.328
20.388 -2.165 0.473
20.926 -3.466 0.368
19.551 -2.977 1.342
21.113 -2.127 1.081
20.144 -3.113 0.797
20.283 -3.047 1.272
19.224 -2.624 1.032
19.979 -2.194 0.679
21.045 -2.647 1.123
21.233 -3.133 0.826
20.421 -2.433 0.582
21.731 -2.970 0.506
20.181 -2.905 0.448
19.727 -3.720 0.580
19.768 -3.898 0.527
20.302 -2.964 0.733
19.947 -3.757 1.492
21.757 -2.787 1.083
20.470 -2.257 0.896
18.432 -2.759 0.638
21.769 -3.534 0.920
19.556 -3.341 0.877
21.729 -3.335 0.339
19.046 -3.791 0.514
19.360 -2.281 0.160
20.866 -2.348 0.727
21.281 -3.287 1.135
18.126 -3.363 0.344
20.534 -3.007 1.492
21.223 -3.279 0.941
19.151 -2.407 0.987
19.991 -2.966 0.681
19.129 -2.699 0.920
19.627 -2.289 0.198
21.812 -2.885 1.013
18.821 -3.205 0.162
20.087 -3.134 0.259
18.837 -3.038 1.339
20.294 -2.382 1.260
20.205 -2.268 0.932
19.380 -2.815 0.016
21.379 -2.765 0.264
19.048 -2.242 1.060
20.917 -2.601 0.384
22.083 -2.486 0.197
18.970 -3.060 1.309
20.892 -3.830 0.057
19.675 -2.903 0.810
19.417 -3.629 1.367
19.125 -3.335 1.493
20.701 -2.914 1.135
19.251 -2.854 0.052
22.093 -2.758 0.260
21.199 -2.818 0.020
18.497 -2.835 1.375
18.595 -2.610 0.909
19.041 -2.529 0.182
19.274 -3.427 0.261
18.599 -2.290 1.009
19.915 -3.893 0.352
21.628 -2.170 0.039
20.410 -2.917 1.087
21.028 -3.558 0.027
18.959 -3.207 1.210
18.601 -2.536 1.089
19.673 -3.037 0.553
19.930 -3.831 0.949
20.156 -2.139 0.024
18.091 -2.743 0.653
21.746 -3.510 0.936
17.932 -2.504 0.794
20.904 -2.201 1.026
18.309 -2.124 0.195
21.176 -2.269 0.172
18.976 -2.450 0.942
21.212 -3.385 1.003
17.961 -3.297 1.226
21.889 -2.778 0.199
21.303 -2.447 0.013
18.245 -3.864 0.747
19.875 -2.195 0.891
20.848 -3.790 1.181
21.953 -2.397 1.313
21.169 -3.086 1.199
21.795 -3.442 0.948
20.884 -2.306 1.272
21.882 -3.465 0.748
20.215 -2.959 0.226
19.343 -3.758 0.599
19.504 -3.599 0.175
20.513 -3.209 0.351
20.071 -3.087 1.360
21.550 -2.484 0.976
19.512 -2.989 0.426
18.376 -3.175 0.553
18.903 -3.400 0.583
18.860 -2.419 1.373
19.471 -2.572 0.629
21.557 -2.679 0.461
21.380 -2.540 0.141
18.079 -3.131 0.767
17.950 -2.815 1.338
18.527 -3.807 1.462
18.757 -2.437 1.293
18.207 -2.684 0.540
21.986 -3.832 0.768
19.507 -2.680 0.436
20.679 -2.956 0.302
19.525 -2.552 0.053
20.131 -2.401 0.887
17.992 -2.828 0.590
18.646 -2.829 0.661
19.043 -3.169 0.894
20.903 -3.883 0.196
20.225 -3.540 0.394
19.717 -2.920 1.134
18.907 -3.698 0.077
18.669 -2.708 0.037
21.525 -3.002 0.080
20.018 -3.035 0.014
18.636 -3.798 0.187
19.438 -3.867 0.235
21.688 -3.579 0.983
19.087 -2.801 0.199
20.658 -3.493 0.520
19.065 -3.799 1.136
21.577 -3.795 1.121
18.733 -3.302 0.507
19.560 -2.145 0.037
21.336 -2.115 0.495
18.656 -3.119 0.272
17.943 -2.726 0.659
21.492 -3.174 1.106
21.216 -3.699 1.040
19.014 -2.869 1.485
19.201 -3.407 0.761
19.228 -2.740 0.713
21.048 -3.629 0.462
21.915 -2.550 0.697
20.860 -3.735 1.113
18.497 -3.697 1.497
20.288 -2.664 0.793
19.076 -2.302 0.878
18.602 -2.961 0.836
20.077 -2.221 0.630
18.095 -3.407 0.395
20.329 -3.080 1.310
18.392 -3.759 0.597
20.736 -2.475 1.325
19.404 -3.326 0.549
19.997 -3.480 0.669
21.100 -2.152 0.153
21.382 -2.967 0.987
18.396 -3.559 0.639
20.651 -3.815 0.211
21.454 -2.133 1.185
19.925 -3.421 0.196
18.882 -2.750 1.405
20.681 -2.652 0.679
18.412 -2.993 0.689
19.087 -2.907 1.143
18.990 -2.129 1.463
19.287 -2.332 0.088
17.934 -3.034 0.782
21.865 -3.680 1.319
21.093 -2.452 1.381
20.575 -2.655 0.663
21.207 -2.901 1.307
20.713 -2.786 0.538
17.931 -2.736 0.224
19.508 -3.680 0.493
18.063 -3.172 1.326
18.797 -2.370 0.956
20.234 -3.679 0.967
19.783 -2.542 1.219
18.695 -3.643 1.079
18.859 -3.739 1.347
20.591 -2.226 1.284
21.641 -2.584 0.306
18.643 -3.340 0.778
18.852 -2.267 0.936
18.327 -2.464 1.291
21.813 -2.266 1.233
18.669 -2.968 0.188
19.766 -3.169 0.228
22.056 -2.214 0.397
18.589 -3.360 1.320
19.902 -3.327 0.926
22.066 -2.782 0.864
21.361 -3.297 0.016
20.826 -2.505 0.040
19.028 -2.809 0.080
20.228 -2.970 0.168
19.079 -2.344 0.904
21.046 -2.755 0.354
19.747 -2.280 1.187
22.071 -3.193 0.659
21.345 -3.060 1.039
19.287 -2.526 0.709
19.225 -2.115 0.168
18.640 -3.827 0.879
21.639 -2.774 0.815
20.699 -2.328 1.384
20.661 -2.810 1.000
20.576 -2.409 0.347
20.431 -3.581 0.536
19.192 -3.826 1.051
18.359 -3.605 0.178
19.204 -2.785 0.986
18.483 -3.284 1.427
18.670 -3.530 0.007
21.916 -2.390 0.349
21.117 -3.603 0.121
19.590 -3.284 0.041
18.551 -2.283 1.490
19.325 -3.556 1.417
21.519 -3.827 0.098
19.240 -3.258 0.743
21.127 -2.161 0.971
20.197 -3.385 0.183
20.071 -3.505 1.402
21.623 -2.641 0.933
20.136 -2.219 0.443
18.785 -3.328 1.205
20.066 -2.726 1.094
18.777 -3.131 0.499
19.197 -2.714 0.244
18.757 -3.423 0.058
20.861 -3.628 1.400
21.217 -3.872 1.031
20.117 -3.266 0.735
21.576 -2.870 0.946
21.715 -2.971 1.025
20.462 -2.432 0.171
18.048 -3.002 0.393
18.583 -3.522 0.106
20.858 -3.366 0.086
19.825 -2.270 0.266
20.548 -2.271 0.354
18.016 -2.168 0.248
20.458 -3.474 0.605
21.020 -3.041 1.421
20.028 -2.144 0.467
21.972 -3.284 0.490
19.252 -2.946 1.013
18.743 -3.757 1.290
19.850 -2.911 0.578
19.455 -2.168 0.705
21.264 -2.592 1.105
20.991 -2.784 1.105
21.991 -3.265 0.199
21.887 -2.651 1.035
21.764 -2.415 0.933
21.483 -2.388 1.072
20.771 -2.811 0.730
19.188 -3.651 1.244
19.197 -3.844 1.054
19.749 -3.391 1.220
19.136 -2.608 1.064
17.974 -2.157 1.144
20.320 -2.225 0.094
20.829 -3.238 0.325
18.499 -2.173 0.001
21.471 -2.748 1.227
21.884 -2.604 1.495
20.138 -3.039 0.976
18.929 -2.306 0.218
18.763 -3.482 0.415
21.584 -3.151 0.544
20.048 -2.283 0.955
18.837 -2.303 0.133
18.102 -2.172 0.476
18.494 -2.678 1.410
19.131 -2.792 1.428
19.548 -2.939 0.470
21.504 -3.288 0.217
20.159 -3.385 1.326
20.980 -2.510 0.789
20.190 -2.849 1.021
21.326 -3.345 0.159
19.624 -2.743 0.128
21.999 -2.658 1.404
18.981 -2.481 0.544
20.815 -3.747 0.828
19.388 -3.170 0.872
19.558 -2.333 0.950
21.403 -3.579 0.933
19.498 -2.171 0.794
20.510 -3.682 0.780
18.472 -2.551 0.763
19.904 -3.713 1.043
21.707 -3.343 0.704
18.656 -2.762 0.310
21.598 -2.871 1.374
21.077 -3.651 0.414
20.649 -3.593 0.081
21.166 -3.415 1.058
21.618 -2.348 0.455
20.858 -2.203 1.075
21.269 -2.315 0.759
17.986 -2.645 0.558
18.498 -2.972 0.709
21.938 -2.128 0.796
21.078 -2.971 0.458
19.136 -2.250 1.363
20.539 -2.471 1.215
18.575 -2.638 0.726
20.033 -3.209 0.045
21.308 -3.095 1.178
21.672 -2.498 1.079
19.621 -3.607 0.825
20.411 -2.105 1.261
21.312 -3.606 0.814
21.932 -3.858 0.846
18.743 -2.863 1.107
18.436 -2.507 0.719
19.405 -2.513 0.095
21.885 -3.282 0.663
19.867 -2.786 0.195
18.254 -3.865 0.644
19.640 -2.330 0.233
19.406 -3.182 0.354
18.809 -2.638 0.860
19.168 -3.024 0.991
20.030 -2.213 0.450
21.045 -3.785 1.488
21.947 -2.214 1.135
21.855 -3.403 0.855
21.932 -3.037 0.049
19.364 -2.411 0.576
22.060 -2.323 0.724
21.636 -2.539 0.611
20.059 -3.448 0.109
19.942 -2.905 0.381
20.480 -2.555 0.122
21.426 -3.629 1.241
18.285 -2.757 0.752
19.974 -2.917 0.423
18.195 -3.707 0.991
17.914 -3.652 0.845
18.368 -2.426 1.369
20.481 -2.162 1.022
20.670 -3.083 0.435
20.827 -2.676 0.418
21.459 -3.709 0.859
22.032 -3.434 0.859
19.728 -2.963 0.007
18.466 -2.977 0.869
20.428 -2.200 1.307
21.395 -3.708 0.841
20.745 -2.585 0.210
19.661 -2.488 1.315
19.400 -2.892 1.333
21.777 -3.079 0.720
20.368 -3.422 0.702
18.997 -3.669 0.705
20.733 -3.842 1.355
18.959 -3.035 0.807
19.246 -3.893 0.440
21.583 -2.232 0.964
21.952 -3.025 1.211
20.863 -2.740 0.260
20.704 -2.616 1.242
20.969 -2.895 0.773
20.512 -2.957 0.148
21.709 -2.115 0.137
20.256 -2.961 1.391
20.405 -3.236 1.382
20.443 -3.566 0.245
21.276 -2.278 0.108
18.522 -3.839 0.704
20.598 -3.352 0.306
19.600 -2.618 0.449
20.191 -2.265 0.431
21.280 -3.790 1.373
20.217 -3.541 0.896
20.809 -3.395 0.033
18.587 -2.381 1.493
20.310 -3.658 0.326
20.156 -3.489 1.042
18.204 -3.567 0.043
20.297 -2.439 0.946
20.611 -2.189 1.454
19.669 -2.334 1.203
19.439 -3.253 0.241
19.816 -2.758 0.537
19.523 -3.833 1.011
18.565 -3.705 0.945
18.282 -2.313 0.271
20.399 -3.539 0.976
18.026 -3.180 0.725
21.899 -2.962 0.754
19.604 -3.280 0.221
21.229 -2.800 0.549
19.448 -3.383 0.126
21.529 -3.321 1.238
20.834 -2.419 0.773
21.548 -3.840 0.981
21.993 -2.579 1.379
20.963 -2.255 0.576
20.417 -2.676 0.831
19.389 -3.796 0.770
18.061 -3.199 1.464
20.092 -3.174 0.030
19.736 -2.406 0.977
20.810 -2.721 0.871
18.272 -3.891 0.789
18.704 -2.609 1.431
21.867 -3.232 0.664
19.290 -2.705 0.052
18.019 -2.973 0.110
17.982 -2.145 1.165
19.580 -3.220 0.226
19.144 -3.845 1.407
18.691 -3.605 1.348
21.147 -3.069 0.308
19.777 -3.767 1.061
20.912 -2.944 1.211
20.887 -2.910 1.348
20.020 -3.615 0.168
18.984 -2.168 1.093
20.563 -3.718 0.738
18.935 -3.277 0.508
21.390 -2.238 0.292
19.185 -2.369 1.443
19.434 -2.783 0.804
20.246 -2.182 0.186
19.220 -2.943 0.120
21.254 -3.142 0.693
20.961 -2.601 0.795
18.469 -3.771 0.351
18.452 -3.559 0.089
18.791 -2.842 0.733
20.968 -3.527 0.821
19.021 -3.465 0.757
20.153 -3.832 0.582
21.935 -2.136 0.834
21.004 -3.862 0.352
19.551 -3.476 1.391
18.544 -3.465 0.119
21.104 -3.046 0.835
19.670 -2.884 0.289
20.027 -2.700 1.402
18.128 -3.895 0.246
18.158 -2.942 0.649
20.957 -2.299 0.655
20.308 -3.476 0.728
21.696 -3.002 1.308
19.813 -2.768 0.601
21.904 -2.750 0.198
20.887 -3.680 1.236
20.784 -3.019 0.962
20.050 -2.664 1.192
19.588 -3.034 1.371
20.232 -3.676 0.324
20.188 -2.387 1.471
20.726 -2.372 1.329
20.459 -3.163 1.018
21.570 -2.560 1.493
21.565 -2.367 0.086
18.947 -2.352 0.478
21.690 -3.289 1.242
20.843 -3.825 0.552
18.445 -2.117 0.089
20.518 -2.823 1.347
21.179 -2.866 0.666
19.690 -2.497 0.159
21.928 -3.342 0.094
19.565 -3.359 0.212
20.166 -2.498 0.030
18.660 -3.614 0.060
19.495 -3.288 0.123
18.587 -2.442 1.433
21.144 -2.293 0.809
18.521 -2.610 0.667
21.918 -2.717 0.075
19.776 -2.628 0.255
18.994 -2.719 0.490
20.015 -2.686 0.982
18.882 -2.736 0.574
17.986 -2.535 0.522
18.130 -3.076 0.374
21.603 -2.732 0.358
19.610 -3.663 0.803
21.596 -2.558 1.409
18.537 -2.741 1.037
20.903 -3.432 0.960
21.513 -3.569 1.217
18.552 -2.865 0.608
20.152 -3.381 0.571
19.144 -2.130 1.302
20.666 -3.088 0.317
19.199 -2.558 1.057
19.244 -3.052 0.074
20.586 -3.782 1.431
18.497 -2.949 1.304
18.273 -2.259 0.121
20.959 -2.313 0.164
21.958 -2.218 0.937
20.027 -2.576 0.533
20.232 -2.701 1.378
20.795 -2.222 1.398
20.880 -3.671 0.189
20.777 -2.144 1.421
20.186 -2.472 0.024
19.777 -3.440 0.463
18.744 -3.102 0.741
19.230 -2.674 1.375
21.901 -3.284 0.522
20.252 -2.232 1.121
19.031 -2.181 0.568
20.271 -2.269 1.300
17.989 -2.823 1.032
18.596 -2.463 0.218
19.047 -3.511 1.263
21.457 -2.690 0.874
21.972 -3.555 0.336
18.152 -3.854 1.211
19.334 -3.204 0.005
21.168 -3.112 0.102
18.118 -3.662 1.377
20.523 -2.276 0.533
19.649 -2.334 0.609
21.820 -2.629 0.843
18.372 -2.201 0.009
19.396 -2.434 0.287
19.973 -2.514 0.713
20.616 -2.618 0.943
19.121 -2.904 1.139
18.736 -2.120 0.950
19.601 -3.571 1.005
20.239 -2.569 0.099
21.865 -3.581 1.122
20.129 -2.769 1.307
20.715 -3.109 0.099
19.177 -3.134 1.380
19.911 -2.496 1.258
19.553 -3.022 0.571
18.790 -2.632 0.181
19.988 -3.769 1.278
21.645 -2.481 0.715
18.777 -2.521 0.662
21.621 -3.378 0.557
20.512 -2.160 0.708
21.856 -3.001 1.101
18.466 -2.810 0.017
20.535 -2.489 1.095
18.887 -3.035 0.192
20.648 -2.335 1.169
21.439 -3.413 0.448
18.597 -3.268 1.279
19.905 -3.410 1.141
22.050 -3.324 0.509
20.817 -3.664 0.225
21.843 -3.217 1.082
19.475 -3.138 0.414
18.696 -2.926 0.782
21.535 -2.830 0.827
18.101 -3.297 1.435
21.712 -2.628 0.704
17.904 -3.342 1.423
17.973 -2.974 0.449
18.255 -2.687 0.358
21.489 -3.137 1.070
19.975 -2.593 0.583
18.506 -3.669 1.055
18.262 -2.464 0.228
19.391 -3.224 0.300
20.766 -3.622 0.365
20.715 -2.371 1.307
19.941 -2.540 0.619
19.466 -3.240 1.118
21.293 -2.387 1.285
20.057 -3.746 0.446
18.696 -2.614 0.444
20.465 -2.825 0.531
18.869 -2.442 0.144
21.995 -2.821 0.379
20.070 -2.104 1.245
20.941 -3.634 0.529
20.125 -2.168 0.843
19.302 -2.966 0.766
18.481 -2.798 1.213
19.520 -3.122 0.887
18.201 -3.241 0.865
21.329 -2.467 0.677
18.340 -2.734 0.781
18.204 -2.178 1.092
19.953 -3.134 0.347
21.448 -3.558 0.125
19.571 -3.710 0.572
18.702 -3.128 0.520
21.491 -2.743 1.030
20.574 -2.670 0.265
18.219 -3.432 0.584
18.775 -2.112 1.002
22.051 -2.915 1.041
19.522 -2.831 0.051
18.187 -3.080 1.439
22.070 -3.190 1.233
18.155 -3.157 0.206
18.177 -3.596 0.941
21.200 -3.588 0.496
18.267 -3.459 0.546
20.643 -2.786 0.046
18.043 -2.988 0.394
17.932 -2.199 0.163
20.748 -2.396 1.311
18.723 -3.394 0.138
21.075 -3.593 0.014
18.555 -3.422 1.138
19.975 -2.411 0.176
21.170 -2.225 0.176
21.511 -3.220 0.654
18.582 -2.200 0.656
19.178 -3.401 0.055
19.321 -2.164 0.408
21.102 -2.777 0.417
18.880 -2.845 0.751
20.599 -2.217 0.131
18.701 -2.455 0.226
17.910 -3.854 0.509
19.371 -3.419 0.714
20.718 -2.770 0.576
19.889 -3.099 0.528
21.369 -2.295 1.436
18.141 -3.799 0.211
18.270 -2.981 0.070
19.906 -3.712 0.593
21.204 -2.212 0.899
19.663 -2.539 0.401
20.065 -2.387 0.614
19.101 -3.798 0.419
21.142 -2.688 0.796
19.719 -3.660 1.163
21.212 -2.863 0.184
18.088 -3.528 0.116
19.329 -3.562 0.155
18.696 -2.183 0.488
21.308 -2.892 1.328
18.681 -2.668 1.193
19.982 -2.586 0.868
21.250 -3.148 0.943
22.096 -3.259 1.327
19.166 -2.728 1.166
20.530 -2.812 0.958
20.557 -2.344 0.963
19.885 -2.132 1.362
18.579 -2.290 0.248
18.846 -3.538 0.884
19.209 -2.396 1.418
20.117 -3.240 0.184
18.467 -2.549 0.791
29.761 5.111 0.432
29.930 5.175 1.351
30.145 4.785 1.634
29.961 5.101 0.540
29.960 5.076 1.521
29.969 5.092 0.306
29.888 5.299 0.848
30.021 4.958 1.182
30.115 5.176 0.312
30.117 5.076 1.638
30.025 5.254 0.490
29.995 4.758 1.566
29.969 4.773 1.588
29.819 5.123 0.699
30.262 4.814 0.815
30.228 5.252 1.751
30.218 5.098 1.593
29.895 5.288 1.197
30.009 5.164 0.753
29.816 5.231 0.114
30.007 4.706 0.972
29.741 5.080 1.370
29.974 5.298 0.513
30.217 5.219 1.713
30.115 5.025 1.099
29.969 5.162 1.618
29.938 4.893 0.265
29.939 5.215 0.657
30.022 4.780 0.330
30.193 4.799 1.585
30.052 5.020 1.555
30.253 4.934 0.986
30.194 5.144 0.741
30.258 4.852 1.027
29.821 4.706 0.822
30.253 4.910 0.371
29.890 4.944 1.682
29.943 4.969 1.728
29.960 5.260 0.580
29.847 4.707 1.656
30.267 5.285 0.145
29.903 5.103 1.604
30.203 4.804 0.268
30.026 4.949 0.187
30.279 4.728 0.912
30.055 5.205 1.257
30.110 5.018 1.667
30.079 5.283 1.299
29.738 5.263 1.209
30.126 4.865 1.261
29.711 4.738 0.357
30.117 5.196 0.739
29.832 4.784 1.286
30.253 4.713 0.084
30.090 5.041 0.503
29.828 4.980 0.520
30.061 5.087 0.505
30.195 4.881 1.395
29.854 4.808 0.257
30.104 5.120 1.192
29.981 5.255 1.045
30.131 5.081 1.667
30.080 5.042 0.935
30.162 5.121 1.404
29.976 4.962 0.143
29.831 5.021 1.355
29.754 5.220 0.338
29.852 4.868 0.717
29.911 4.966 0.280
29.916 4.821 1.640
30.096 5.194 1.046
29.854 4.773 0.431
30.137 4.750 0.913
30.151 5.035 1.124
30.271 5.011 0.071
30.167 4.781 1.568
30.076 4.889 0.907
29.845 5.161 0.377
30.082 5.167 0.198
29.793 4.755 0.786
30.044 4.733 0.960
29.839 5.163 0.923
30.226 5.128 0.702
30.080 5.085 0.275
29.905 4.763 0.305
29.898 4.958 0.482
29.709 5.198 1.307
30.258 4.709 1.416
29.802 5.163 0.649
29.913 5.195 0.569
30.220 5.195 1.367
29.981 4.870 0.453
29.934 4.934 1.390
30.292 4.833 1.079
30.175 4.893 0.064
29.959 4.957 1.282
29.963 4.718 0.070
30.257 5.191 1.070
29.824 4.864 0.824
29.854 4.728 0.736
30.261 4.750 0.314
29.863 5.290 0.307
29.995 4.900 0.528
30.200 5.187 0.408
30.057 5.268 0.944
29.819 4.764 1.117
30.240 5.072 1.495
30.096 5.134 1.416
29.896 4.979 1.332
29.880 5.199 0.223
30.192 5.168 0.418
29.918 5.079 0.298
30.145 4.830 1.051
30.103 5.036 0.971
30.087 5.291 0.867
30.063 4.971 0.577
29.992 4.855 0.554
30.291 4.901 1.374
30.109 5.208 1.518
29.704 5.032 0.409
29.952 4.868 1.692
30.066 5.150 0.497
30.001 5.024 0.351
29.928 5.216 0.346
29.839 5.114 1.222
30.082 4.810 1.040
29.896 5.273 0.804
30.249 5.176 1.613
29.832 5.136 0.878
30.142 5.091 0.622
29.969 5.131 1.311
30.164 5.220 0.937
29.706 5.108 1.115
30.048 5.115 1.372
30.233 5.162 0.183
29.817 4.866 0.142
29.851 5.014 1.663
29.805 4.796 1.170
29.754 5.133 0.225
29.769 5.293 1.429
29.738 5.185 0.111
29.702 4.941 0.785
29.905 4.975 1.016
29.723 4.984 1.754
29.921 4.857 1.146
30.214 4.897 0.209
30.001 5.156 1.452
30.149 5.193 1.549
30.151 4.884 1.234
30.245 4.937 1.401
30.026 5.032 0.917
29.767 5.220 0.114
29.838 5.221 0.742
29.824 5.004 1.771
29.854 5.201 0.949
29.893 4.934 1.738
30.123 5.086 0.043
30.102 4.925 0.630
29.965 5.292 0.683
29.781 4.949 0.027
29.867 4.895 1.143
29.905 4.784 1.463
30.190 5.220 0.811
29.978 4.893 1.429
29.770 4.911 1.426
29.809 5.245 0.888
29.867 5.271 0.287
29.765 5.090 1.754
30.062 5.072 1.434
30.280 5.196 1.024
30.284 4.963 1.102
30.192 5.026 0.322
29.776 5.155 1.292
30.025 5.130 1.316
29.850 4.731 1.737
29.914 4.713 1.772
30.138 4.978 0.144
30.137 5.143 1.107
30.033 4.760 0.694
29.916 4.853 0.261
30.282 4.762 1.436
29.837 5.197 0.228
29.760 4.802 1.161
29.705 5.117 1.162
29.921 4.863 1.546
30.224 4.950 0.660
29.860 5.054 1.452
29.962 4.909 0.517
30.158 4.888 0.620
30.280 4.916 1.371
30.022 4.940 1.309
29.817 5.216 1.172
29.938 5.221 1.127
29.780 5.137 0.287
30.276 4.716 0.928
30.216 4.925 1.375
29.822 5.256 1.513
29.903 5.089 0.657
30.194 5.216 1.561
29.897 5.119 1.730
29.934 5.171 0.707
30.157 4.966 0.581
30.173 5.099 0.415
29.954 4.854 1.322
29.702 5.270 0.816
30.064 4.935 1.011
29.796 5.215 1.733
29.865 5.289 1.284
30.078 4.857 0.866
30.111 5.291 0.440
29.820 4.920 1.749
29.843 4.945 1.682
29.802 5.277 1.499
29.816 5.170 1.201
29.823 4.946 1.238
29.878 5.242 0.544
30.015 5.031 1.664
29.741 4.762 0.439
29.817 4.768 1.143
30.188 5.151 1.238
30.049 4.807 1.453
30.014 4.722 0.691
30.135 5.167 1.146
29.824 4.997 0.441
29.775 4.887 0.096
30.137 5.070 0.523
30.078 4.865 0.877
29.856 5.193 0.381
30.290 5.000 0.318
30.099 4.746 1.070
30.129 5.043 1.571
29.831 5.038 1.739
30.018 5.115 0.899
29.858 5.199 0.364
29.737 4.771 1.269
30.057 5.105 0.779
29.900 5.057 0.943
29.964 4.981 0.960
29.888 5.273 0.648
30.058 4.797 0.836
30.173 4.923 0.292
30.149 5.293 0.491
29.804 4.960 0.608
29.719 4.791 0.182
30.247 4.738 0.810
29.961 4.746 0.302
30.246 4.744 0.179
30.269 4.851 0.218
29.901 4.735 1.157
30.282 5.292 1.615
29.826 5.252 1.334
30.073 5.043 0.766
29.896 5.287 0.833
29.927 5.058 0.515
30.029 4.892 0.045
30.071 5.008 1.680
30.101 4.748 1.525
29.900 4.702 1.564
30.230 4.940 0.184
30.066 5.036 0.933
30.217 5.081 0.185
30.178 4.728 0.854
30.079 5.189 1.328
30.259 5.127 1.712
29.837 5.140 0.805
30.054 4.886 0.052
30.138 4.789 0.646
29.968 5.236 0.116
29.801 5.203 0.685
30.286 5.229 0.862
29.742 5.130 1.169
30.139 5.239 0.932
30.047 4.881 0.810
29.803 5.200 0.200
29.998 5.043 0.703
29.729 5.143 1.774
30.148 5.200 0.289
30.182 5.081 0.800
29.903 4.883 1.175
30.153 4.755 0.345
29.799 4.962 0.079
30.028 5.006 1.512
29.909 4.807 0.075
29.864 5.062 0.523
29.984 4.916 0.080
29.704 4.975 0.801
30.045 5.089 0.314
29.868 4.715 1.586
30.188 4.835 1.331
29.702 4.821 0.290
30.242 4.785 0.598
29.828 5.032 0.783
29.779 5.182 0.257
29.809 4.948 1.696
29.897 4.997 1.730
30.112 4.775 1.504
29.915 5.176 0.650
30.216 5.160 1.739
30.196 5.026 0.532
30.196 5.105 0.426
30.162 5.094 0.492
30.093 5.208 0.300
29.837 4.950 0.671
30.110 5.196 1.291
30.242 4.996 0.647
29.774 4.716 1.083
30.298 5.120 0.561
29.714 5.295 1.285
30.040 4.966 1.764
29.873 4.971 0.908
29.981 4.975 1.097
29.974 5.214 0.212
30.223 5.278 1.453
29.918 5.161 0.389
29.745 4.830 1.244
29.704 5.269 1.178
29.898 4.873 1.708
29.725 4.702 0.803
30.196 4.869 0.069
30.074 5.143 0.678
30.055 5.243 1.628
30.019 5.251 0.110
30.041 5.273 1.003
30.024 4.916 1.664
29.822 5.246 1.681
30.094 4.779 1.529
29.814 5.174 1.426
29.884 4.734 0.924
29.833 5.038 1.688
29.782 5.096 0.978
30.048 4.714 0.228
30.008 4.994 1.432
30.202 4.768 0.853
30.290 5.140 1.018
30.043 4.775 1.547
30.053 4.785 1.358
30.170 5.124 1.111
30.211 4.748 1.235
29.980 4.705 1.002
30.011 4.947 0.697
29.823 5.142 0.790
29.721 4.980 0.154
29.883 5.241 0.345
29.884 4.924 0.924
30.077 5.199 0.401
30.135 5.151 0.694
30.278 4.887 0.143
30.233 4.859 1.434
30.062 4.727 0.416
30.002 4.932 0.690
29.996 5.178 0.521
30.087 5.221 0.910
29.755 5.259 1.634
29.818 4.861 0.572
30.009 4.954 1.407
29.830 4.903 1.315
29.841 4.950 1.563
29.909 4.757 1.241
30.048 4.834 1.462
29.768 4.981 0.056
29.720 5.226 0.398
30.170 5.052 0.316
29.910 5.055 1.090
29.996 4.898 1.454
30.042 5.023 1.303
30.133 4.868 0.135
29.712 5.026 0.904
29.983 4.954 0.591
30.008 4.711 1.546
30.071 4.746 1.484
30.196 4.934 1.343
29.837 4.764 0.790
29.940 4.828 0.674
30.115 5.198 1.498
29.864 5.222 0.536
30.127 4.939 0.299
30.244 4.819 0.773
30.033 4.857 1.519
29.711 5.298 0.672
30.051 4.949 0.413
30.263 5.122 0.665
30.141 5.173 1.011
30.091 4.834 1.038
29.707 4.766 1.722
29.999 5.234 1.083
29.973 5.151 1.620
29.749 5.012 0.704
30.264 5.003 1.460
30.092 5.194 0.849
30.012 5.025 1.716
30.077 4.916 1.113
30.130 4.993 0.177
30.160 5.229 0.394
29.817 5.195 1.541
30.149 5.046 0.879
30.167 5.005 1.565
30.162 4.896 1.223
30.046 4.797 0.545
29.828 4.857 1.058
29.722 5.274 1.526
29.706 4.894 0.666
29.832 5.289 0.864
30.102 4.812 1.588
29.969 4.960 1.590
30.003 5.117 0.814
29.791 4.905 1.221
30.101 5.235 1.338
29.801 4.868 0.309
30.238 5.204 0.227
30.258 4.893 1.192
29.849 4.746 0.757
30.163 4.712 1.178
30.230 4.825 0.063
29.950 5.276 1.567
30.249 4.770 0.834
30.025 5.099 1.242
29.830 5.231 0.111
30.182 5.098 1.585
29.732 4.951 1.381
30.010 4.870 0.603
29.757 5.298 1.748
29.811 5.096 0.535
30.140 5.185 1.253
29.759 5.059 0.643
29.998 5.198 1.291
30.213 4.702 0.671
30.104 4.888 1.488
30.133 5.291 1.658
30.084 4.992 1.054
30.266 4.928 0.271
29.935 4.778 0.086
30.135 5.087 0.815
30.283 4.832 1.672
30.248 5.011 0.700
30.063 5.194 1.511
29.844 4.950 1.021
29.770 5.092 1.428
30.066 4.963 1.288
30.045 4.914 1.012
29.801 4.746 0.610
30.148 5.206 0.752
30.152 5.045 1.767
30.256 4.937 0.711
29.982 5.274 0.951
29.923 5.240 0.661
29.730 5.049 0.898
29.907 4.866 0.479
30.202 5.161 1.594
30.223 5.198 1.054
30.015 4.868 1.568
29.960 4.753 1.197
30.019 4.850 1.591
30.200 5.189 0.179
29.725 5.254 0.089
30.279 5.193 0.737
29.874 4.819 0.583
29.864 5.246 0.119
30.162 4.988 1.015
29.888 4.790 1.738
30.132 5.091 0.037
30.088 5.002 1.695
29.794 5.027 0.059
30.130 4.721 0.315
29.894 4.765 0.580
30.254 4.962 0.257
30.286 4.958 1.087
30.128 5.093 0.940
30.111 4.756 1.381
29.977 5.062 1.379
30.184 5.172 0.786
30.047 4.908 0.428
29.882 4.704 0.782
29.995 4.999 1.649
30.237 5.257 1.383
30.112 4.776 0.934
29.967 4.725 0.066
30.064 5.003 0.996
30.235 5.146 1.070
30.095 4.779 0.383
29.967 5.026 0.869
29.737 5.128 0.874
30.155 5.043 1.693
30.070 4.954 0.939
30.095 5.209 0.520
29.901 5.196 1.598
29.786 5.050 1.591
29.979 5.063 1.449
29.711 5.185 1.709
29.895 4.758 0.443
29.776 4.845 1.411
29.768 4.992 1.352
29.886 4.722 1.687
29.701 4.948 1.625
29.850 5.062 1.231
30.180 5.024 0.525
29.970 5.000 0.408
29.827 5.239 1.277
30.037 4.951 0.919
30.200 5.169 1.095
30.034 4.719 0.200
30.277 4.705 1.695
29.949 5.051 0.301
29.713 5.255 0.071
29.706 5.221 1.616
30.200 4.818 1.341
29.766 4.707 1.435
29.920 5.135 0.288
30.070 4.991 1.259
30.031 4.994 0.228
29.944 4.793 1.673
30.227 4.969 0.255
29.808 4.961 1.476
30.092 4.790 0.157
30.221 4.890 1.271
30.153 4.921 1.654
30.007 5.152 1.563
30.054 4.867 1.249
30.000 5.175 0.366
29.775 4.974 0.971
30.213 5.014 0.438
30.248 5.057 0.179
30.155 4.980 1.314
29.912 5.282 1.026
29.730 4.775 0.230
30.270 4.854 1.729
30.042 4.872 0.707
30.130 5.105 0.228
30.134 5.282 1.187
29.752 4.899 1.386
29.781 5.237 1.756
29.871 5.167 1.248
29.858 5.079 1.667
30.074 4.866 0.606
30.168 5.050 1.442
30.247 4.788 1.477
30.212 5.179 0.843
30.298 5.300 0.638
30.144 5.030 1.072
29.944 4.926 0.297
29.921 4.832 1.437
30.045 5.244 1.241
29.715 4.889 0.716
30.280 4.922 1.506
29.997 5.182 0.497
30.148 4.921 0.328
29.714 5.132 0.901
29.731 5.163 0.472
29.949 4.931 0.767
29.962 5.265 0.654
29.721 4.918 1.495
30.192 4.870 1.318
29.734 4.875 1.465
29.987 5.190 0.777
29.771 5.035 1.108
30.264 5.019 1.643
29.863 4.942 1.042
29.903 5.029 1.069
30.010 5.019 0.919
30.086 5.151 0.985
30.224 5.052 1.495
30.176 5.161 1.178
30.091 4.869 1.716
30.269 4.962 0.620
30.196 4.961 0.431
30.268 5.014 0.803
29.713 5.187 0.109
30.072 5.066 1.774
29.835 4.724 1.405
30.107 4.961 0.477
30.055 4.838 0.862
30.142 5.249 1.143
29.747 4.824 1.669
29.930 4.917 1.472
30.212 5.083 0.816
29.827 4.933 1.464
30.287 4.849 0.579
29.733 4.874 0.146
30.121 4.766 1.240
30.075 4.990 0.568
30.237 5.212 1.606
29.862 5.140 1.110
29.907 4.920 1.586
29.825 4.742 1.136
30.060 5.264 1.508
30.138 5.157 0.598
30.122 5.135 1.744
29.866 4.779 1.133
30.156 5.278 1.652
29.930 5.053 1.395
30.185 5.206 0.942
30.261 5.125 1.355
30.273 5.166 0.056
29.933 4.821 1.697
30.260 5.021 1.312
29.840 4.993 1.163
30.153 5.139 1.218
29.832 4.728 0.295
30.171 5.163 1.663
30.283 4.812 0.662
30.103 5.167 0.767
30.172 5.285 1.708
29.884 4.739 0.115
30.263 5.276 0.060
30.120 4.853 0.422
29.837 5.146 0.184
30.146 5.246 0.190
29.748 4.841 0.628
29.760 4.845 1.127
30.254 4.744 1.313
29.949 5.126 0.360
30.264 5.029 0.400
30.058 5.117 0.546
29.739 4.793 0.092
29.880 5.187 1.308
29.859 4.721 0.572
29.812 5.047 1.218
30.098 4.800 0.968
29.861 4.968 1.406
29.892 4.971 0.334
29.801 4.865 1.082
29.875 5.243 0.265
30.254 5.233 1.365
30.105 5.229 0.348
30.140 5.060 1.073
29.830 4.964 0.398
30.189 5.266 1.687
29.764 5.249 0.824
30.127 5.283 1.397
29.800 5.200 0.424
30.110 4.976 1.351
30.038 5.000 1.393
29.892 4.957 0.129
30.299 4.881 0.443
30.219 5.198 0.740
30.020 4.978 0.214
29.760 5.048 0.761
29.893 4.955 0.079
29.758 5.224 1.264
29.938 4.843 0.886
29.773 4.942 0.562
30.022 5.274 1.003
29.889 4.706 0.459
30.047 4.806 0.237
29.770 4.816 0.697
30.166 5.127 1.697
29.867 4.961 1.308
30.023 5.025 1.196
30.037 5.241 0.796
30.085 5.248 0.188
29.863 4.875 0.091
30.289 5.055 1.233
30.046 4.913 0.291
29.761 4.925 1.658
29.893 5.115 0.402
29.841 5.250 0.232
30.130 5.224 1.213
29.950 4.832 0.772
29.722 4.943 1.336
29.841 4.829 1.698
30.037 5.229 0.203
30.267 5.016 1.134
30.155 4.974 0.613
30.061 4.914 0.847
30.070 4.945 0.197
29.936 4.815 0.775
30.187 5.202 1.502
29.975 4.868 0.066
30.157 4.854 0.320
30.083 4.796 1.665
29.823 5.023 0.907
30.259 5.263 1.226
29.954 5.279 0.149
30.069 4.767 0.356
30.234 5.121 0.870
29.951 5.130 1.389
30.169 5.192 0.740
30.112 5.008 1.647
30.283 5.278 0.752
30.212 4.792 0.351
29.712 5.254 0.687
29.889 5.055 1.563
29.772 4.776 0.544
29.710 4.827 0.794
30.290 5.260 1.642
30.074 4.868 0.971
29.700 5.289 1.068
29.877 5.055 0.154
30.187 4.980 1.252
30.194 5.074 1.766
30.050 5.227 1.108
30.108 5.245 0.181
29.873 4.768 0.861
29.860 5.205 1.084
29.982 5.269 1.390
30.158 4.755 1.368
29.706 5.080 1.293
30.002 4.850 0.056
30.083 5.017 0.246
30.247 4.759 1.080
29.996 4.828 0.900
29.946 4.730 0.417
30.115 4.717 0.363
29.986 4.946 0.976
29.904 4.882 1.748
29.937 5.202 0.798
29.710 4.860 0.590
29.958 5.160 0.832
29.727 5.288 0.151
29.897 4.966 0.098
29.804 5.082 1.020
29.747 5.240 0.138
29.868 4.761 1.069
30.046 4.862 0.933
29.907 4.776 0.491
30.211 4.928 1.067
29.785 4.764 0.290
30.122 5.110 1.186
30.026 4.853 0.883
29.940 4.756 1.272
29.887 4.812 1.131
30.042 4.712 0.071
29.760 4.720 1.180
30.193 4.929 1.407
29.937 4.862 1.172
30.151 4.701 0.704
29.791 5.160 1.026
29.951 5.074 0.889
30.196 4.931 0.346
29.811 4.736 0.094
29.946 4.751 0.644
29.719 5.128 1.620
30.262 5.011 0.249
30.264 5.285 0.688
30.193 5.261 0.245
30.140 5.288 1.392
29.747 4.931 1.115
30.220 4.814 1.186
29.935 4.748 0.772
29.959 4.761 0.124
29.852 5.230 0.958
30.081 4.853 1.420
30.212 4.738 0.399
30.217 5.105 1.738
30.212 5.286 0.150
29.891 5.196 0.997
30.195 5.280 1.425
30.141 5.161 1.018
30.078 4.932 0.644
29.884 5.182 0.791
30.236 5.237 1.147
30.162 5.127 1.034
30.159 5.015 0.891
29.949 4.980 1.261
30.041 5.212 0.130
30.122 4.971 0.061
30.232 4.933 1.279
29.783 5.217 1.657
29.877 5.132 0.324
30.259 4.717 0.619
30.275 5.037 1.177
29.962 5.225 1.747
29.956 4.888 1.735
30.073 5.093 1.106
30.159 4.993 0.436
29.909 4.904 1.228
30.063 5.100 0.616
29.993 4.726 1.683
30.111 4.920 1.380
30.051 5.157 1.583
29.756 5.214 0.722
30.048 5.233 1.248
29.821 4.920 1.609
29.882 5.207 0.148
29.992 5.038 1.234
30.219 4.891 0.495
29.734 4.960 0.632
30.000 4.892 1.129
30.229 4.789 0.360
30.027 4.854 1.256
30.005 4.855 0.775
30.024 5.221 1.427
29.764 4.889 0.302
29.876 5.100 1.269
30.072 4.897 1.310
30.277 4.734 0.258
30.217 4.703 0.973
30.188 5.054 1.222
29.984 4.833 1.225
30.157 4.703 0.756
30.257 5.065 0.608
30.189 4.847 0.083
30.246 5.079 1.681
29.755 5.227 0.553
30.221 4.814 0.280
30.102 4.844 1.622
30.244 4.853 0.783
29.837 5.068 0.266
30.065 5.287 0.616
30.169 5.079 0.029
29.771 4.877 0.811
30.201 5.162 0.759
29.779 5.209 0.699
29.778 4.997 0.218
29.849 5.025 0.544
29.890 5.064 0.264
29.873 5.279 0.609
30.199 4.959 0.621
30.173 4.973 1.408
29.741 4.976 1.285
29.811 5.222 1.553
30.158 5.257 1.050
30.182 5.212 0.655
30.268 5.157 0.095
30.166 5.034 0.467
30.163 5.029 0.036
29.809 5.236 1.278
30.060 5.065 0.406
30.234 4.956 1.013
30.281 5.120 0.186
29.859 4.770 0.797
29.855 4.853 1.157
30.025 4.956 1.698
30.286 5.212 1.421
30.160 4.822 1.610
29.732 4.742 1.703
30.257 4.899 1.731
29.953 4.970 1.056
30.126 5.198 0.616
30.187 4.815 0.688
30.198 4.827 0.678
29.738 5.009 1.142
29.965 4.828 0.927
29.878 4.875 0.129
30.140 4.778 0.044
29.949 4.967 0.255
30.257 5.110 0.062
30.296 5.215 0.155
30.055 4.747 0.981
29.737 5.184 0.031
30.037 4.704 0.152
29.995 5.076 1.536
30.183 5.086 0.151
30.291 4.860 1.055
30.126 5.155 1.715
30.006 4.706 0.331
30.219 5.073 1.457
29.998 5.169 0.332
30.113 5.133 1.178
30.114 5.221 0.735
30.109 5.221 1.685
29.968 5.149 0.219
30.166 4.884 0.120
30.270 4.974 1.463
29.920 5.101 1.353
30.293 5.203 0.944
29.760 4.817 1.135
29.771 5.094 0.439
30.170 5.299 1.105
30.206 4.928 1.601
30.243 4.848 0.521
30.295 5.243 0.775
30.199 5.042 0.557
30.236 4.755 0.909
30.254 5.240 0.459
29.777 4.768 1.053
30.209 5.164 0.341
29.876 5.274 0.771
30.015 5.194 1.130
30.010 4.920 1.019
30.113 4.882 0.482
29.834 4.727 0.486
30.040 4.936 0.928
30.285 4.924 0.874
29.995 4.711 0.481
29.841 4.945 1.762
29.726 4.808 1.171
30.210 4.910 1.119
30.215 5.280 1.585
30.079 4.797 0.490
30.210 4.930 0.351
30.086 5.046 0.486
30.181 5.293 0.263
29.929 5.097 1.743
30.132 5.240 0.407
30.059 4.845 0.776
29.762 5.233 1.347
30.018 4.876 0.656
29.761 4.766 0.955
30.072 5.089 1.040
29.931 4.994 0.080
30.065 4.905 1.503
30.207 5.214 0.676
30.298 4.766 0.154
29.799 5.059 0.279
30.206 4.793 0.891
29.706 4.836 0.344
30.068 5.164 1.630
30.094 5.132 0.338
29.999 4.925 0.416
30.147 5.229 1.676
29.872 5.052 0.041
30.046 5.008 1.221
30.079 4.939 0.139
29.976 5.200 1.461
30.155 5.196 0.763
29.848 5.272 1.265
30.123 5.040 0.502
30.287 5.201 0.121
29.749 5.060 0.259
29.851 5.167 1.499
29.851 5.265 1.490
30.289 4.746 0.840
29.827 4.990 1.246
30.032 4.754 1.020
29.742 4.905 0.471
30.246 5.246 0.978
29.824 4.860 0.637
29.961 5.161 0.561
30.172 4.980 1.112
30.071 5.072 0.452
30.240 4.751 0.553
30.134 5.127 1.474
29.823 4.894 1.270
29.726 4.895 0.380
30.049 4.850 1.305
29.889 5.033 1.201
30.003 5.151 1.042
30.187 5.227 0.930
29.813 4.724 1.471
30.159 4.767 0.028
30.223 5.217 1.315
29.887 5.149 1.037
30.104 4.823 0.052
29.748 5.038 1.407
30.219 5.089 1.103
30.196 4.888 0.577
29.710 5.066 1.075
30.132 4.899 0.626
30.233 5.060 0.959
29.984 5.280 1.757
30.093 4.755 0.791
30.127 4.966 0.510
29.894 5.207 0.356
30.177 4.996 0.183
29.746 4.875 0.431
30.130 4.772 0.534
29.883 5.251 1.482
30.246 5.075 1.339
30.207 4.952 0.037
30.271 5.196 1.542
29.754 4.714 1.773
29.783 5.272 1.370
30.281 4.853 1.722
30.152 4.952 0.056
29.839 5.253 1.446
30.129 4.776 1.494
29.779 4.877 0.251
29.879 4.787 1.457
30.008 4.735 1.299
30.229 4.858 0.724
29.771 4.997 0.733
30.062 5.172 0.968
30.164 4.735 0.495
29.984 4.997 0.494
29.726 4.720 1.769
29.756 5.123 1.067
30.214 5.165 0.938
29.755 5.135 1.091
30.206 5.272 1.225
29.762 5.060 1.382
30.176 5.005 0.146
29.971 5.022 1.205
29.997 5.260 0.624
29.749 4.741 1.376
30.297 5.135 0.342
29.985 4.896 1.729
29.911 4.963 1.611
30.187 5.005 1.569
30.077 5.249 1.247
30.299 5.099 0.571
30.078 4.878 1.585
29.925 5.273 0.840
30.291 4.874 1.200
29.926 4.879 1.150
30.295 4.855 0.670
29.810 4.953 1.435
29.943 5.092 1.689
30.237 5.078 1.197
30.157 5.121 1.647
30.243 4.747 0.472
29.805 4.999 0.795
29.852 4.887 0.294
30.173 4.856 0.524
30.229 4.843 1.395
29.786 5.200 0.098
30.141 5.075 0.419
29.762 5.057 1.372
29.874 5.276 1.658
29.737 5.001 0.578
30.095 5.287 0.141
30.121 4.897 1.250
30.233 5.082 0.453
30.155 5.219 1.571
29.724 5.079 0.456
30.093 5.138 0.983
30.240 5.093 0.778
30.109 4.757 0.535
30.195 5.215 1.677
29.893 4.989 0.906
30.071 5.203 1.050
29.835 4.769 1.222
30.249 5.080 1.602
29.992 5.249 0.100
30.085 4.741 1.186
30.221 5.017 0.660
29.862 4.895 0.899
29.971 4.786 1.586
29.904 5.074 1.660
30.219 4.742 0.452
30.232 4.944 0.807
29.713 4.810 0.641
29.994 4.984 0.262
30.292 5.059 0.778
29.875 4.921 0.891
30.259 5.152 1.512
30.092 5.265 0.142
29.795 4.811 0.868
29.875 4.793 1.526
29.833 5.192 1.411
30.273 5.269 1.766
30.161 5.278 0.446
30.007 5.218 1.541
30.300 5.089 0.091
30.076 5.150 0.825
30.120 5.241 0.335
29.934 5.248 1.128
30.047 4.843 0.347
30.133 4.983 1.435
29.858 4.917 1.108
29.829 4.969 0.134
30.244 4.711 0.750
30.176 4.909 1.527
29.931 5.158 0.361
29.853 5.273 1.696
29.899 5.186 0.276
29.834 4.931 1.499
30.069 5.148 1.308
29.806 5.249 0.340
30.149 5.184 0.587
30.048 5.051 0.975
30.225 5.234 1.107
29.940 4.797 0.359
29.978 5.028 1.736
30.012 5.256 0.120
29.794 4.793 0.062
29.782 5.105 0.927
29.903 4.726 0.227
30.154 4.710 0.748
29.792 4.874 1.680
30.266 4.801 0.113
29.815 5.201 1.429
30.013 4.878 1.535
29.919 5.281 1.387
30.085 5.128 1.656
30.234 5.190 1.634
29.842 4.826 0.987
30.300 5.063 0.406
29.887 4.973 1.586
29.964 4.705 1.634
29.704 4.805 0.092
29.840 5.053 1.053
30.211 4.914 0.584
30.168 5.155 0.694
30.087 5.285 0.868
30.292 5.242 0.927
29.988 4.854 1.675
29.928 4.915 1.476
30.231 4.737 0.829
29.705 5.128 1.325
29.894 5.137 1.758
29.778 5.052 1.637
30.267 5.186 0.211
30.046 4.980 0.771
30.220 4.732 0.488
30.093 5.001 0.181
30.293 5.146 0.072
29.793 5.039 0.845
30.084 5.156 0.417
29.718 5.064 1.530
30.092 5.225 1.107
30.185 5.103 1.631
30.240 5.140 1.202
29.998 4.812 0.759
29.941 4.871 1.765
30.202 5.017 1.206
30.030 5.299 0.812
30.160 5.187 1.717
29.707 5.079 1.581
29.927 4.706 0.065
30.091 4.917 0.140
30.063 5.127 0.254
30.064 4.821 0.112
30.224 5.146 1.623
29.807 4.827 1.713
29.856 4.775 0.198
30.211 5.182 0.993
29.705 5.109 1.770
29.930 4.935 0.279
30.148 5.268 1.128
30.177 5.031 1.210
29.806 4.799 0.120
29.818 4.833 1.583
29.894 4.852 0.608
29.916 4.702 1.035
30.135 4.947 0.932
29.801 5.286 0.090
30.245 5.275 1.749
30.204 5.006 0.553
30.273 4.994 0.123
29.876 5.229 0.221
29.732 4.827 1.526
30.285 5.295 0.320
30.256 5.247 1.153
30.288 5.081 1.416
29.733 5.209 1.635
30.282 5.197 1.417
29.777 4.920 1.205
29.730 5.295 1.068
29.968 4.789 1.239
30.138 5.155 0.763
29.844 4.848 1.420
29.905 5.244 0.426
29.745 5.019 1.342
30.185 4.860 0.623
29.980 5.221 1.382
30.274 5.291 1.334
30.105 5.091 0.337
30.172 4.766 0.608
30.012 4.787 1.626
29.786 5.024 1.461
30.124 4.824 0.437
30.178 4.737 0.873
30.096 4.837 1.657
30.024 4.956 1.311
29.786 5.148 0.715
29.871 4.960 1.011
29.938 4.701 0.070
29.770 4.809 0.878
30.141 5.143 0.511
30.011 5.158 0.075
30.275 4.863 1.163
30.006 5.206 0.878
30.246 4.980 1.393
29.834 4.959 0.057
30.085 4.796 1.486
30.278 4.800 1.574
30.207 4.751 0.105
29.777 4.833 0.452
30.258 5.053 0.254
30.167 4.960 1.324
29.744 4.849 1.460
29.793 4.862 1.255
29.758 4.780 1.102
30.031 4.830 0.754
30.158 4.955 1.369
30.241 4.973 0.702
30.107 5.031 1.014
29.706 4.950 0.681
30.204 4.852 1.036
29.876 5.009 0.431
29.788 4.954 0.222
30.177 5.029 0.250
30.164 5.084 1.077
30.250 5.035 0.894
29.701 5.012 0.609
29.941 4.726 1.259
30.113 4.936 1.470
29.959 4.885 0.648
30.281 4.996 1.015
30.056 4.703 0.549
29.738 5.248 1.387
30.020 4.922 1.217
29.952 5.264 0.245
29.806 4.905 0.025
30.134 4.855 0.207
29.904 4.802 0.682
30.055 4.961 1.151
29.719 4.889 1.355
29.757 4.819 0.245
29.832 5.288 1.026
30.186 4.807 0.700
30.002 4.755 0.535
29.753 4.736 0.561
29.763 5.244 0.203
30.264 5.232 1.209
29.948 4.911 0.587
30.235 5.086 1.246
29.913 4.869 1.599
29.842 4.856 1.241
30.199 5.217 0.535
29.805 4.828 0.820
29.939 5.106 0.107
29.832 4.974 0.620
30.238 5.049 0.797
30.270 4.802 1.152
30.264 4.740 1.449
29.709 4.964 1.359
30.030 4.886 1.402
30.084 4.896 1.402
30.196 5.015 1.594
29.962 5.150 0.403
30.065 5.192 1.067
30.016 5.139 0.206
29.921 4.937 0.968
30.052 5.100 0.776
30.041 5.146 1.377
29.790 5.064 1.705
30.116 5.206 0.768
29.897 4.712 0.251
30.206 4.703 0.257
29.874 4.966 0.273
29.873 5.149 1.142
29.837 5.182 0.639
30.206 5.210 1.091
29.828 5.125 1.498
29.808 5.197 1.036
29.949 5.029 0.233
30.274 4.832 1.005
29.989 5.036 0.891
30.174 4.734 1.209
30.113 5.253 1.276
29.863 4.924 0.052
30.208 4.986 0.203
30.178 5.159 1.085
30.274 4.879 0.812
30.096 5.066 0.591
30.214 5.050 0.714
29.931 5.287 1.681
30.075 4.863 0.793
29.866 5.055 0.362
30.025 4.784 0.400
29.997 5.263 0.341
29.708 4.990 1.011
30.209 4.924 1.077
30.113 4.939 1.079
30.078 4.823 0.326
29.762 5.181 1.398
29.805 5.145 1.437
30.277 5.076 0.590
30.012 4.814 0.796
30.148 4.842 1.549
30.248 4.920 0.716
29.777 4.996 1.636
29.809 4.820 0.188
29.784 5.166 0.371
30.252 4.748 0.742
30.242 4.973 0.636
29.776 5.113 0.897
30.091 5.151 0.121
30.009 5.287 0.158
30.016 4.974 0.691
30.031 5.154 0.083
30.109 4.862 0.082
29.738 4.959 0.848
30.179 4.943 1.147
30.014 4.704 1.506
30.113 4.891 1.106
29.785 4.763 0.608
29.844 5.246 1.646
30.239 5.059 0.304
30.234 4.872 0.912
30.271 4.861 1.016
29.969 4.894 0.416
29.734 5.230 1.638
30.065 4.895 0.394
30.147 4.862 0.106
30.200 5.263 0.704
29.939 5.050 0.455
29.736 4.738 0.266
29.711 4.708 0.941
30.085 5.243 0.849
29.918 5.032 1.441
30.052 4.776 1.386
29.794 5.266 0.440
30.098 5.041 1.539
30.110 4.990 0.377
29.971 4.959 0.484
30.170 5.088 1.371
29.761 4.714 1.534
29.868 4.776 0.539
30.236 4.776 1.273
30.152 5.173 0.071
30.066 5.218 0.598
29.851 4.876 1.451
30.037 4.954 1.113
29.982 4.835 0.337
30.055 5.081 1.703
29.881 5.078 1.198
29.982 5.286 1.070
30.118 4.787 0.849
29.876 5.059 1.370
29.980 4.769 1.007
29.733 4.897 1.275
30.013 4.987 0.507
30.265 4.978 0.992
29.860 4.877 1.246
30.012 4.880 1.564
29.814 4.950 0.635
29.740 5.018 1.161
29.763 4.782 0.712
30.152 5.038 0.886
29.943 4.971 1.005
30.238 5.237 0.455
29.729 5.204 0.486
29.709 5.074 0.403
30.052 5.284 1.655
30.209 4.790 0.396
30.052 5.019 1.482
30.256 5.061 1.333
30.161 4.867 0.169
29.702 4.967 0.672
30.263 4.926 0.655
30.035 4.926 1.069
30.056 5.286 1.149
29.962 4.904 0.354
29.837 5.026 0.115
30.238 4.949 0.404
29.869 4.975 0.211
29.765 5.050 0.396
30.247 4.706 0.817
29.727 4.896 0.614
30.182 4.802 0.579
29.783 4.954 0.659
29.734 4.846 0.830
29.705 5.216 0.555
30.299 4.876 0.477
30.103 5.133 0.953
29.755 5.295 1.689
30.086 4.710 0.283
29.755 5.267 0.161
30.234 4.930 0.149
30.190 4.946 1.209
29.997 5.231 0.332
30.221 5.069 1.145
29.993 4.820 0.418
29.768 4.885 1.194
29.813 4.747 0.942
30.250 5.017 0.288
30.285 5.134 1.744
29.961 5.205 0.722
29.756 5.197 0.985
30.164 5.057 1.370
29.863 4.723 1.722
29.939 5.173 1.302
30.132 5.143 0.689
30.285 4.888 0.478
30.196 4.979 0.105
29.895 5.294 0.854
30.077 4.836 1.703
30.089 4.939 1.735
29.863 5.186 0.739
29.888 5.166 1.027
30.143 4.909 0.477
30.259 5.018 0.461
30.057 4.949 0.034
29.806 4.845 0.260
29.810 5.055 0.385
29.891 5.186 0.827
30.291 5.014 1.617
30.078 5.184 0.547
29.808 4.919 1.143
30.167 5.189 0.289
29.901 5.212 1.743
29.900 4.974 0.935
30.071 5.283 0.104
30.251 5.252 0.122
29.771 4.832 1.247
30.159 4.769 0.035
29.816 5.164 0.428
29.938 4.812 0.959
29.744 5.021 0.591
30.062 4.852 0.436
30.202 4.875 0.385
29.794 4.948 0.917
30.058 5.285 0.827
30.261 5.238 0.752
29.838 5.184 0.063
29.868 4.879 0.479
29.923 5.263 1.433
29.914 4.736 0.045
29.918 4.838 1.732
30.234 4.915 0.762
30.212 5.011 0.628
29.911 5.115 0.133
30.024 5.162 1.564
29.857 5.268 0.089
29.992 4.971 1.506
30.247 5.081 1.657
29.860 4.722 0.527
30.027 4.900 0.318
29.991 5.252 0.598
29.787 4.720 0.582
30.080 5.208 1.639
29.809 4.802 0.260
29.910 5.100 0.429
29.895 4.702 0.417
29.749 5.150 1.583
29.765 5.183 1.652
30.014 4.857 0.587
29.840 5.089 0.739
29.969 5.093 0.901
29.904 5.160 1.020
29.958 5.272 0.136
29.976 4.824 1.315
29.730 5.048 1.022
29.969 5.259 1.179
30.140 5.202 0.745
30.229 4.717 1.747
30.073 5.063 1.002
30.043 4.706 0.980
29.806 4.735 1.661
29.739 4.771 0.653
29.727 5.004 0.741
30.283 4.772 0.223
30.126 5.154 0.894
29.719 5.050 0.382
29.965 4.919 1.245
30.096 4.790 1.401
30.240 5.268 1.451
29.890 4.969 0.618
29.999 5.128 1.498
30.129 5.095 1.192
30.172 5.063 0.165
30.045 4.806 1.247
30.253 4.865 0.903
29.928 4.814 1.747
29.974 5.029 1.576
30.055 5.163 1.483
30.141 4.842 1.511
29.814 5.165 1.309
30.188 4.907 1.169
30.149 5.206 0.405
29.779 4.865 0.218
30.063 4.708 1.007
30.294 5.293 0.129
30.221 5.164 1.167
30.250 5.084 0.120
29.785 4.942 0.530
29.895 5.051 0.933
30.294 4.990 0.785
29.812 5.089 1.458
30.152 4.896 0.092
29.793 4.837 0.099
30.125 5.088 1.102
29.948 5.123 1.171
30.290 5.207 0.147
29.845 4.707 0.572
30.019 5.047 0.045
30.069 4.714 0.238
29.776 4.738 0.116
30.273 5.009 0.963
29.791 4.940 1.693
29.853 5.114 0.393
30.006 5.165 1.383
30.233 5.243 0.054
29.914 4.995 1.302
29.778 4.947 0.494
29.993 5.104 1.161
29.993 4.795 0.910
30.139 4.993 0.112
30.123 4.758 0.342
30.261 4.982 1.439
30.010 5.209 0.781
29.780 4.789 1.102
30.286 4.793 0.173
29.903 5.139 1.570
30.136 4.755 1.656
29.793 5.154 1.419
30.130 4.923 1.455
30.300 4.932 0.198
30.266 5.225 0.850
29.952 5.036 0.875
30.080 5.096 1.362
30.048 4.948 0.482
29.980 5.059 0.169
30.197 5.157 0.165
30.224 5.153 0.447
30.281 5.112 1.162
29.753 5.206 0.700
30.250 5.012 1.598
30.110 5.079 0.919
30.111 5.229 1.224
30.198 4.758 1.477
30.145 4.701 1.290
30.100 5.119 1.566
29.982 4.784 0.853
30.166 4.961 1.042
29.937 4.880 1.060
30.209 5.019 1.505
30.165 4.881 0.320
29.766 4.723 1.380
29.708 4.785 1.179
29.835 5.120 0.351
30.217 4.761 0.491
29.714 4.719 0.941
29.808 5.288 1.071
30.056 4.864 0.828
29.801 5.090 1.735
29.806 5.245 1.683
29.730 4.907 0.388
29.734 5.219 1.022
30.008 4.868 1.102
30.196 5.266 0.851
30.136 4.833 0.039
30.276 5.024 1.541
29.921 4.950 1.219
29.775 5.151 1.767
30.204 5.096 1.252
29.989 4.859 1.176
29.813 5.003 0.187
30.009 5.131 1.478
29.998 4.948 0.995
29.886 4.866 0.854
29.939 5.234 0.401
29.858 5.031 1.736
30.257 5.009 0.852
30.140 4.712 0.429
29.949 4.795 0.924
30.234 4.826 1.436
29.954 5.207 1.715
29.818 4.924 0.744
30.080 5.245 1.020
30.109 5.271 1.383
29.780 4.871 0.772
30.025 5.094 1.271
30.026 4.709 1.551
30.154 4.737 0.979
30.101 4.852 0.919
29.875 4.880 1.380
29.969 4.961 0.213
29.977 4.783 0.888
30.296 5.045 0.673
30.223 5.009 0.285
30.144 4.709 0.212
29.745 4.761 1.738
29.995 5.008 1.244
29.768 4.704 0.641
30.173 5.171 0.345
29.821 4.817 0.709
30.049 5.289 0.692
29.893 5.171 1.536
29.902 4.849 0.373
30.177 4.767 0.880
30.187 5.185 0.856
30.135 5.073 0.151
30.052 4.868 0.926
30.288 4.723 1.359
30.188 5.059 0.489
29.855 5.095 0.488
29.946 4.783 0.280
30.196 5.015 0.572
29.774 5.067 0.621
29.998 5.299 0.206
30.008 5.287 0.349
30.283 4.862 1.177
29.968 5.093 1.471
29.994 5.015 1.287
30.059 5.240 0.762
29.952 5.165 1.042
30.100 4.782 1.078
30.251 4.911 1.286
30.232 4.746 0.519
29.950 5.279 0.768
29.945 4.785 0.143
30.061 5.241 0.951
30.028 4.706 1.347
29.993 4.939 0.041
29.740 4.775 1.330
29.825 4.823 0.082
29.794 5.144 1.125
30.113 4.829 1.361
29.823 5.070 0.751
30.172 4.867 0.536
30.167 5.262 1.775
29.792 4.973 0.400
30.193 5.025 1.332
29.861 5.075 0.183
30.088 5.178 0.810
29.711 4.834 0.172
30.232 4.831 0.998
29.869 5.255 0.379
30.073 5.201 0.171
29.784 5.268 0.521
30.083 4.739 1.510
29.709 5.171 0.790
29.845 4.889 1.048
30.100 4.708 0.383
29.976 5.218 0.874
29.806 5.084 0.912
30.267 4.738 0.054
